treaty_id,cedent_id,reinsurer_id,treaty_type,line_of_business,region,premium,attachment_point,limit,quota_share,accepted,observed_loss_ratio,cvar_95,submission_date
T075722,C017,R001,Quota,Specialty,EU,6558000.0,0.0,0.0,0.22,1,0.41,11907000.0,2025-06-02
T080185,C011,R014,XoL,Specialty,US,2330000.0,9020000.0,38725000.0,0.0,1,0.99,7507000.0,2025-05-02
T019865,C016,R014,Quota,Property,EU,4719000.0,0.0,0.0,0.39,1,0.46,8668000.0,2025-06-23
T076700,C017,R013,XoL,Specialty,APAC,2746000.0,9244000.0,44201000.0,0.0,1,0.66,9322000.0,2025-06-24
T092992,C003,R024,XoL,Casualty,US,6090000.0,18270000.0,69439000.0,0.0,0,0.72,20583000.0,2025-04-29
T076435,C015,R003,Quota,Property,US,2897000.0,0.0,0.0,0.14,1,0.99,8640000.0,2025-03-29
T084005,C007,R016,XoL,Casualty,APAC,2389000.0,5194000.0,21848000.0,0.0,1,0.54,6675000.0,2025-06-14
T080918,C010,R030,XoL,Specialty,US,2964000.0,11544000.0,42013000.0,0.0,1,0.89,9600000.0,2025-03-29
T060768,C011,R014,XoL,Property,EU,2928000.0,10675000.0,37683000.0,0.0,1,0.79,5877000.0,2025-03-31
T050075,C008,R026,Quota,Casualty,APAC,4529000.0,0.0,0.0,0.18,1,0.69,11330000.0,2025-03-28
T027702,C011,R022,XoL,Property,EU,5387000.0,18847000.0,54485000.0,0.0,0,0.85,8670000.0,2025-04-22
T042142,C007,R015,XoL,Property,US,12382000.0,42895000.0,117410000.0,0.0,1,0.68,20381000.0,2025-04-19
T045081,C006,R006,Quota,Property,APAC,1917000.0,0.0,0.0,0.23,1,0.51,5088000.0,2025-02-26
T016639,C008,R009,XoL,Specialty,EU,3059000.0,10908000.0,38825000.0,0.0,1,0.94,8087000.0,2025-03-19
T020425,C002,R013,Quota,Property,LATAM,2603000.0,0.0,0.0,0.2,1,0.83,8453000.0,2025-05-14
T088703,C005,R011,XoL,Specialty,EU,9696000.0,39834000.0,101414000.0,0.0,1,0.5,14759000.0,2025-03-07
T000150,C019,R018,XoL,Property,LATAM,4525000.0,10326000.0,47696000.0,0.0,0,0.56,8720000.0,2025-03-18
T001762,C017,R009,XoL,Specialty,LATAM,2099000.0,9580000.0,36404000.0,0.0,1,0.6,6880000.0,2025-03-30
T063121,C002,R022,XoL,Casualty,APAC,2029000.0,9970000.0,32392000.0,0.0,1,0.85,3360000.0,2025-04-23
T069162,C011,R001,Quota,Property,LATAM,7095000.0,0.0,0.0,0.3,1,0.52,20020000.0,2025-01-03
T064884,C014,R001,Quota,Property,LATAM,1776000.0,0.0,0.0,0.37,1,0.62,4579000.0,2025-01-09
T002496,C019,R003,XoL,Property,EU,3248000.0,11859000.0,56431000.0,0.0,1,0.93,8008000.0,2025-05-28
T080297,C007,R003,XoL,Casualty,LATAM,3676000.0,14799000.0,51336000.0,0.0,1,0.43,9534000.0,2025-02-16
T019448,C015,R025,Quota,Property,EU,8433000.0,0.0,0.0,0.39,0,0.63,13105000.0,2025-05-18
T041332,C013,R016,XoL,Property,APAC,2491000.0,6479000.0,15776000.0,0.0,0,1.14,6914000.0,2025-03-23
T014889,C001,R028,XoL,Property,APAC,6428000.0,17645000.0,55580000.0,0.0,0,0.61,17604000.0,2025-01-27
T088637,C017,R004,Quota,Casualty,US,3812000.0,0.0,0.0,0.33,1,0.2,7662000.0,2025-03-07
T094893,C015,R009,XoL,Specialty,US,1994000.0,9435000.0,28492000.0,0.0,0,0.48,6820000.0,2025-05-16
T092732,C020,R017,XoL,Specialty,LATAM,3241000.0,12719000.0,47284000.0,0.0,1,0.57,6057000.0,2025-06-11
T029131,C002,R011,Quota,Property,LATAM,4085000.0,0.0,0.0,0.11,0,0.35,8775000.0,2025-01-18
T079023,C008,R018,XoL,Casualty,EU,1815000.0,8255000.0,27180000.0,0.0,1,0.93,3973000.0,2025-02-08
T084937,C007,R023,Quota,Casualty,US,8861000.0,0.0,0.0,0.13,1,0.54,18718000.0,2025-05-07
T016822,C005,R026,Quota,Specialty,LATAM,2590000.0,0.0,0.0,0.32,0,0.6,7607000.0,2025-06-23
T036734,C013,R014,Quota,Property,US,1963000.0,0.0,0.0,0.32,1,0.74,4148000.0,2025-04-21
T015603,C013,R020,XoL,Casualty,LATAM,5504000.0,14212000.0,64793000.0,0.0,0,0.55,18835000.0,2025-02-27
T028534,C013,R022,Quota,Casualty,APAC,2200000.0,0.0,0.0,0.25,1,0.71,4146000.0,2025-05-16
T069770,C014,R004,Quota,Casualty,US,2376000.0,0.0,0.0,0.36,1,0.59,6678000.0,2025-01-13
T011406,C010,R024,Quota,Property,APAC,2844000.0,0.0,0.0,0.29,0,0.24,6542000.0,2025-06-29
T096853,C007,R007,Quota,Property,EU,1609000.0,0.0,0.0,0.31,1,0.54,2515000.0,2025-05-21
T016131,C019,R006,Quota,Property,APAC,3585000.0,0.0,0.0,0.38,1,0.58,9453000.0,2025-01-18
T019793,C014,R026,XoL,Specialty,APAC,1645000.0,8119000.0,23640000.0,0.0,1,0.56,4177000.0,2025-02-13
T089578,C004,R022,Quota,Casualty,APAC,2416000.0,0.0,0.0,0.39,1,0.58,4767000.0,2025-04-07
T040164,C005,R006,Quota,Casualty,EU,2720000.0,0.0,0.0,0.19,0,0.97,9125000.0,2025-02-10
T031777,C005,R009,Quota,Casualty,US,5492000.0,0.0,0.0,0.16,0,0.18,12733000.0,2025-03-17
T025331,C016,R007,Quota,Specialty,APAC,1699000.0,0.0,0.0,0.23,1,0.67,5233000.0,2025-01-31
T079157,C008,R012,Quota,Property,APAC,4478000.0,0.0,0.0,0.17,1,0.56,10975000.0,2025-03-09
T051686,C013,R017,XoL,Specialty,LATAM,3569000.0,8829000.0,24003000.0,0.0,0,0.57,9890000.0,2025-04-05
T075499,C002,R026,XoL,Casualty,EU,3698000.0,12974000.0,41060000.0,0.0,1,0.92,10527000.0,2025-06-07
T004728,C007,R023,Quota,Casualty,EU,1434000.0,0.0,0.0,0.15,0,0.87,3027000.0,2025-01-12
T085199,C005,R015,Quota,Casualty,US,4141000.0,0.0,0.0,0.2,1,0.88,10264000.0,2025-02-23
T035796,C016,R005,Quota,Specialty,EU,2689000.0,0.0,0.0,0.23,1,0.53,4497000.0,2025-06-25
T012257,C019,R022,Quota,Casualty,EU,5116000.0,0.0,0.0,0.29,1,0.5,16273000.0,2025-05-13
T035719,C008,R012,XoL,Specialty,US,5454000.0,15069000.0,63813000.0,0.0,1,0.47,16543000.0,2025-04-22
T070552,C013,R027,XoL,Property,LATAM,4975000.0,23729000.0,52288000.0,0.0,0,0.28,16711000.0,2025-06-26
T054375,C002,R020,XoL,Property,EU,2763000.0,11211000.0,28356000.0,0.0,1,0.96,7006000.0,2025-06-07
T039692,C008,R014,XoL,Specialty,APAC,5916000.0,15538000.0,71383000.0,0.0,0,0.39,19996000.0,2025-01-24
T093703,C007,R010,XoL,Specialty,LATAM,7681000.0,18795000.0,52561000.0,0.0,0,0.54,13781000.0,2025-06-05
T073692,C008,R013,Quota,Casualty,LATAM,5362000.0,0.0,0.0,0.12,1,0.25,15380000.0,2025-04-21
T098071,C001,R017,XoL,Property,EU,899000.0,3588000.0,9872000.0,0.0,0,0.57,2566000.0,2025-03-06
T000576,C003,R005,XoL,Specialty,LATAM,2431000.0,8941000.0,21577000.0,0.0,1,0.84,5198000.0,2025-06-05
T084611,C010,R027,XoL,Property,US,1534000.0,4291000.0,8833000.0,0.0,1,0.67,3899000.0,2025-03-07
T061770,C007,R029,XoL,Casualty,US,4041000.0,8441000.0,29181000.0,0.0,1,1.06,10610000.0,2025-02-21
T032261,C015,R001,Quota,Property,APAC,2769000.0,0.0,0.0,0.35,1,1.24,5016000.0,2025-06-17
T082200,C007,R004,XoL,Property,US,3735000.0,18627000.0,71818000.0,0.0,1,0.67,9645000.0,2025-05-26
T036291,C012,R001,Quota,Property,US,2498000.0,0.0,0.0,0.36,1,0.27,5372000.0,2025-01-30
T078450,C010,R013,Quota,Property,APAC,2084000.0,0.0,0.0,0.18,1,0.61,4934000.0,2025-04-09
T060056,C002,R017,Quota,Specialty,US,4459000.0,0.0,0.0,0.39,1,0.74,8480000.0,2025-02-20
T045949,C005,R019,XoL,Specialty,LATAM,1823000.0,6743000.0,26719000.0,0.0,1,0.32,4379000.0,2025-04-19
T028178,C019,R006,Quota,Property,EU,2375000.0,0.0,0.0,0.16,1,0.82,3636000.0,2025-04-18
T084464,C009,R019,XoL,Casualty,LATAM,5750000.0,24522000.0,50921000.0,0.0,1,0.55,14944000.0,2025-03-03
T000579,C014,R028,XoL,Specialty,US,4987000.0,21205000.0,47100000.0,0.0,1,0.46,13292000.0,2025-04-28
T030960,C019,R016,Quota,Specialty,LATAM,4132000.0,0.0,0.0,0.29,1,0.51,7420000.0,2025-02-12
T064291,C006,R029,Quota,Specialty,APAC,4088000.0,0.0,0.0,0.26,1,0.61,12966000.0,2025-05-24
T014532,C005,R011,XoL,Casualty,EU,7068000.0,25430000.0,60009000.0,0.0,1,0.74,14681000.0,2025-05-06
T017934,C003,R019,XoL,Casualty,US,5227000.0,13073000.0,58978000.0,0.0,0,0.95,14387000.0,2025-03-30
T033609,C020,R025,XoL,Specialty,EU,5077000.0,11282000.0,37792000.0,0.0,0,0.75,16379000.0,2025-03-24
T049960,C013,R011,XoL,Specialty,EU,3742000.0,9838000.0,38599000.0,0.0,1,0.56,8900000.0,2025-03-07
T066599,C006,R009,XoL,Specialty,LATAM,5476000.0,19622000.0,73778000.0,0.0,1,0.56,13487000.0,2025-03-26
T099090,C001,R005,XoL,Casualty,US,2573000.0,10124000.0,46101000.0,0.0,1,0.58,7350000.0,2025-05-09
T034452,C017,R008,Quota,Property,LATAM,2067000.0,0.0,0.0,0.12,1,0.37,4678000.0,2025-04-03
T034081,C014,R020,XoL,Property,APAC,2362000.0,6081000.0,16355000.0,0.0,1,0.91,5152000.0,2025-01-05
T063588,C007,R021,XoL,Property,APAC,2374000.0,8613000.0,32010000.0,0.0,1,1.04,6720000.0,2025-04-01
T004294,C005,R026,Quota,Casualty,LATAM,2887000.0,0.0,0.0,0.17,1,0.77,9476000.0,2025-01-13
T069103,C003,R004,XoL,Property,EU,3514000.0,14611000.0,33855000.0,0.0,0,0.83,7332000.0,2025-06-22
T086412,C002,R009,XoL,Specialty,EU,4481000.0,18484000.0,87531000.0,0.0,0,0.71,12030000.0,2025-04-23
T099477,C017,R019,Quota,Specialty,LATAM,4795000.0,0.0,0.0,0.24,1,0.33,14225000.0,2025-04-06
T053930,C020,R004,Quota,Casualty,EU,3489000.0,0.0,0.0,0.22,1,0.6,6613000.0,2025-06-27
T087071,C011,R025,XoL,Casualty,EU,3354000.0,13162000.0,60018000.0,0.0,0,0.54,11242000.0,2025-05-02
T065084,C018,R017,XoL,Casualty,APAC,3263000.0,13463000.0,45011000.0,0.0,0,0.46,7054000.0,2025-06-22
T030713,C006,R009,XoL,Casualty,LATAM,1646000.0,5159000.0,12617000.0,0.0,1,0.67,4362000.0,2025-03-26
T049183,C017,R002,XoL,Specialty,APAC,1810000.0,8999000.0,36220000.0,0.0,1,0.51,3320000.0,2025-03-08
T057235,C009,R003,Quota,Casualty,US,2770000.0,0.0,0.0,0.38,1,0.59,4178000.0,2025-02-26
T015664,C004,R027,XoL,Casualty,LATAM,4839000.0,17241000.0,79444000.0,0.0,1,0.59,8784000.0,2025-06-13
T019967,C010,R025,Quota,Casualty,APAC,3693000.0,0.0,0.0,0.4,1,0.77,6734000.0,2025-03-30
T091913,C012,R017,Quota,Specialty,EU,2741000.0,0.0,0.0,0.31,1,0.67,7321000.0,2025-01-19
T091958,C003,R021,Quota,Specialty,EU,2315000.0,0.0,0.0,0.22,0,0.41,4047000.0,2025-05-08
T081347,C020,R023,XoL,Casualty,EU,4916000.0,11104000.0,55357000.0,0.0,1,0.6,9396000.0,2025-03-18
T055326,C005,R013,XoL,Specialty,EU,3903000.0,10777000.0,26722000.0,0.0,1,0.41,13155000.0,2025-05-09
T029858,C001,R007,XoL,Casualty,US,4365000.0,19915000.0,74239000.0,0.0,0,0.52,6862000.0,2025-03-14
T071223,C020,R029,Quota,Casualty,APAC,3131000.0,0.0,0.0,0.17,1,1.17,8857000.0,2025-02-10
T052459,C008,R015,Quota,Casualty,US,2765000.0,0.0,0.0,0.3,1,0.72,6723000.0,2025-02-24
T088346,C018,R029,XoL,Property,LATAM,1271000.0,3404000.0,7485000.0,0.0,1,0.31,2258000.0,2025-02-08
T082364,C016,R006,XoL,Property,APAC,1724000.0,3527000.0,10195000.0,0.0,1,0.37,3911000.0,2025-06-27
T065350,C020,R022,Quota,Property,LATAM,3148000.0,0.0,0.0,0.28,1,0.65,7546000.0,2025-03-24
T059650,C011,R026,Quota,Casualty,EU,2299000.0,0.0,0.0,0.1,1,0.65,5011000.0,2025-02-13
T044953,C017,R006,Quota,Specialty,EU,8096000.0,0.0,0.0,0.29,1,0.43,27953000.0,2025-06-12
T039526,C006,R029,XoL,Specialty,EU,3828000.0,12573000.0,49235000.0,0.0,0,0.47,6449000.0,2025-01-12
T013936,C018,R026,XoL,Property,US,3156000.0,11246000.0,35933000.0,0.0,0,0.44,8681000.0,2025-03-30
T093781,C001,R019,XoL,Specialty,APAC,1893000.0,6719000.0,14928000.0,0.0,0,0.66,5551000.0,2025-06-04
T089885,C017,R001,XoL,Specialty,US,2362000.0,11680000.0,24665000.0,0.0,0,0.83,4472000.0,2025-03-20
T081144,C019,R025,XoL,Property,LATAM,1929000.0,5326000.0,14838000.0,0.0,0,0.48,4420000.0,2025-02-16
T095800,C002,R010,XoL,Casualty,LATAM,3347000.0,14233000.0,69629000.0,0.0,0,0.86,11240000.0,2025-02-23
T089405,C001,R030,XoL,Casualty,EU,5805000.0,24200000.0,58675000.0,0.0,0,0.23,16031000.0,2025-05-30
T055224,C010,R021,Quota,Casualty,LATAM,3248000.0,0.0,0.0,0.14,1,0.79,10945000.0,2025-01-25
T073646,C002,R014,Quota,Specialty,US,1422000.0,0.0,0.0,0.36,1,0.75,4137000.0,2025-04-23
T066294,C005,R011,XoL,Specialty,US,4849000.0,10750000.0,48492000.0,0.0,1,0.91,16298000.0,2025-03-03
T065540,C020,R020,Quota,Casualty,EU,2048000.0,0.0,0.0,0.1,1,0.75,6330000.0,2025-05-29
T028111,C002,R002,XoL,Specialty,APAC,2811000.0,8472000.0,26914000.0,0.0,0,0.58,4412000.0,2025-06-14
T041929,C004,R011,Quota,Casualty,LATAM,1123000.0,0.0,0.0,0.12,1,0.62,3847000.0,2025-03-15
T086547,C006,R001,Quota,Property,EU,2683000.0,0.0,0.0,0.25,0,0.6,8277000.0,2025-02-20
T082586,C017,R014,XoL,Property,US,4175000.0,19705000.0,52982000.0,0.0,1,0.93,10290000.0,2025-03-02
T038604,C011,R012,Quota,Property,LATAM,4658000.0,0.0,0.0,0.24,0,0.37,8689000.0,2025-05-11
T091658,C012,R025,XoL,Casualty,LATAM,3042000.0,14354000.0,43017000.0,0.0,1,0.59,9158000.0,2025-05-15
T062787,C003,R022,XoL,Casualty,LATAM,3978000.0,15404000.0,52852000.0,0.0,1,0.26,12186000.0,2025-01-22
T084341,C010,R008,Quota,Property,LATAM,2646000.0,0.0,0.0,0.1,1,0.54,6376000.0,2025-06-12
T039875,C004,R023,XoL,Casualty,US,2318000.0,5225000.0,19011000.0,0.0,1,1.01,5417000.0,2025-03-05
T078469,C011,R030,XoL,Specialty,US,3132000.0,10408000.0,25666000.0,0.0,1,0.58,8386000.0,2025-04-02
T031632,C014,R030,Quota,Specialty,APAC,1395000.0,0.0,0.0,0.16,1,0.25,4709000.0,2025-05-14
T014953,C014,R011,XoL,Property,US,3718000.0,17658000.0,65890000.0,0.0,0,0.65,8602000.0,2025-05-20
T039332,C003,R021,Quota,Casualty,US,6451000.0,0.0,0.0,0.18,0,0.78,10100000.0,2025-01-21
T048588,C009,R003,XoL,Specialty,LATAM,3899000.0,15716000.0,67716000.0,0.0,1,0.65,7217000.0,2025-05-22
T083595,C016,R013,Quota,Property,US,2694000.0,0.0,0.0,0.31,0,0.36,4731000.0,2025-06-20
T041488,C005,R027,Quota,Property,EU,3744000.0,0.0,0.0,0.14,1,0.86,9791000.0,2025-04-30
T039628,C007,R015,Quota,Specialty,LATAM,4811000.0,0.0,0.0,0.4,1,0.92,11506000.0,2025-02-21
T087895,C006,R010,Quota,Casualty,APAC,1942000.0,0.0,0.0,0.27,1,0.61,5681000.0,2025-06-05
T026304,C006,R012,XoL,Specialty,APAC,4962000.0,15085000.0,64636000.0,0.0,1,0.65,13913000.0,2025-06-07
T067404,C020,R029,XoL,Specialty,EU,4266000.0,12293000.0,40538000.0,0.0,1,1.16,6584000.0,2025-02-15
T098085,C007,R030,Quota,Property,APAC,2776000.0,0.0,0.0,0.4,1,0.6,8335000.0,2025-05-11
T095602,C002,R017,Quota,Specialty,LATAM,1445000.0,0.0,0.0,0.34,0,0.57,2483000.0,2025-04-08
T005020,C007,R004,XoL,Specialty,EU,4621000.0,19875000.0,74848000.0,0.0,1,0.48,11546000.0,2025-04-01
T005224,C017,R009,Quota,Property,APAC,3181000.0,0.0,0.0,0.23,1,1.09,6642000.0,2025-04-01
T015781,C009,R022,Quota,Specialty,EU,3374000.0,0.0,0.0,0.24,1,0.65,11331000.0,2025-05-31
T045557,C012,R007,Quota,Specialty,APAC,7357000.0,0.0,0.0,0.33,1,0.72,11631000.0,2025-04-23
T012897,C005,R006,Quota,Specialty,US,2602000.0,0.0,0.0,0.37,0,0.4,7222000.0,2025-04-09
T034305,C011,R006,Quota,Property,US,4294000.0,0.0,0.0,0.12,0,1.27,13789000.0,2025-04-30
T093323,C009,R012,XoL,Casualty,US,5982000.0,18408000.0,74327000.0,0.0,0,0.47,10604000.0,2025-04-11
T005325,C012,R019,XoL,Casualty,LATAM,3712000.0,14059000.0,50792000.0,0.0,0,0.51,11444000.0,2025-01-07
T052926,C002,R011,XoL,Property,US,2856000.0,8963000.0,44038000.0,0.0,1,0.38,7700000.0,2025-06-04
T062865,C015,R002,Quota,Specialty,EU,2122000.0,0.0,0.0,0.38,1,0.54,6219000.0,2025-05-21
T008019,C018,R029,XoL,Property,EU,2761000.0,8783000.0,28457000.0,0.0,0,1.01,6109000.0,2025-04-19
T082945,C008,R018,Quota,Specialty,US,2253000.0,0.0,0.0,0.38,1,0.52,4087000.0,2025-02-21
T090377,C004,R025,XoL,Casualty,US,3342000.0,10150000.0,35640000.0,0.0,1,0.67,9419000.0,2025-02-10
T041721,C007,R015,XoL,Casualty,APAC,4863000.0,11899000.0,53031000.0,0.0,0,0.64,15573000.0,2025-04-01
T000867,C010,R009,XoL,Casualty,APAC,2045000.0,5966000.0,13188000.0,0.0,1,0.72,5241000.0,2025-05-05
T098444,C015,R024,Quota,Casualty,LATAM,4626000.0,0.0,0.0,0.34,0,0.67,13062000.0,2025-05-01
T083040,C006,R011,Quota,Property,LATAM,2591000.0,0.0,0.0,0.16,0,0.54,6184000.0,2025-03-09
T013925,C013,R030,Quota,Specialty,EU,2188000.0,0.0,0.0,0.39,1,1.03,5736000.0,2025-04-05
T079893,C003,R001,XoL,Property,US,2215000.0,4561000.0,9823000.0,0.0,1,0.51,6815000.0,2025-06-04
T031184,C012,R007,XoL,Casualty,APAC,4014000.0,13014000.0,62663000.0,0.0,0,0.83,12795000.0,2025-04-08
T013800,C013,R010,XoL,Property,EU,3698000.0,11121000.0,44679000.0,0.0,1,0.84,12069000.0,2025-03-06
T040989,C016,R021,XoL,Specialty,APAC,2965000.0,11790000.0,27817000.0,0.0,0,0.8,7198000.0,2025-04-08
T066734,C019,R016,XoL,Property,APAC,2510000.0,10458000.0,29528000.0,0.0,1,0.66,7550000.0,2025-02-24
T078331,C007,R021,XoL,Specialty,APAC,4295000.0,11531000.0,52601000.0,0.0,0,0.89,8192000.0,2025-05-30
T024379,C004,R021,Quota,Casualty,US,3494000.0,0.0,0.0,0.22,1,0.62,9702000.0,2025-02-25
T023415,C001,R011,XoL,Casualty,APAC,7620000.0,33480000.0,73870000.0,0.0,1,0.33,25043000.0,2025-01-25
T097560,C015,R028,XoL,Casualty,APAC,3547000.0,15521000.0,63362000.0,0.0,1,0.6,11065000.0,2025-03-19
T022993,C006,R028,XoL,Casualty,LATAM,2388000.0,10950000.0,41689000.0,0.0,0,0.67,8118000.0,2025-06-05
T003232,C020,R019,Quota,Specialty,US,1933000.0,0.0,0.0,0.28,1,0.71,5857000.0,2025-06-12
T041996,C019,R008,XoL,Specialty,APAC,4531000.0,10671000.0,52134000.0,0.0,1,0.68,7847000.0,2025-01-07
T049188,C014,R004,Quota,Property,APAC,4120000.0,0.0,0.0,0.35,0,0.63,7873000.0,2025-01-13
T022515,C009,R030,XoL,Property,LATAM,2425000.0,5450000.0,26721000.0,0.0,0,0.44,6710000.0,2025-05-22
T021326,C007,R023,Quota,Casualty,LATAM,4049000.0,0.0,0.0,0.31,1,0.55,11077000.0,2025-02-26
T086234,C013,R012,XoL,Property,LATAM,1665000.0,7604000.0,21854000.0,0.0,1,0.87,2892000.0,2025-04-13
T088127,C002,R015,XoL,Property,EU,5927000.0,13887000.0,49294000.0,0.0,1,0.68,11310000.0,2025-03-25
T029824,C002,R011,Quota,Casualty,APAC,3869000.0,0.0,0.0,0.12,1,0.56,13042000.0,2025-02-20
T092485,C011,R025,Quota,Specialty,US,2389000.0,0.0,0.0,0.19,1,0.51,5198000.0,2025-03-25
T068425,C004,R002,XoL,Specialty,LATAM,2589000.0,11722000.0,33787000.0,0.0,1,0.35,6531000.0,2025-02-09
T064484,C011,R016,Quota,Specialty,APAC,3842000.0,0.0,0.0,0.31,1,0.67,6955000.0,2025-02-08
T051020,C013,R010,XoL,Property,APAC,3930000.0,13074000.0,45370000.0,0.0,1,0.86,8728000.0,2025-04-06
T026754,C007,R015,Quota,Property,US,5781000.0,0.0,0.0,0.3,1,0.98,17189000.0,2025-06-24
T049964,C007,R001,XoL,Casualty,APAC,9571000.0,35778000.0,135349000.0,0.0,1,0.74,26657000.0,2025-02-24
T042732,C003,R004,XoL,Property,APAC,2337000.0,5385000.0,19504000.0,0.0,1,0.77,7313000.0,2025-06-01
T029057,C010,R025,Quota,Casualty,US,2617000.0,0.0,0.0,0.11,1,0.7,4510000.0,2025-05-03
T055318,C005,R021,Quota,Property,US,4530000.0,0.0,0.0,0.3,1,0.38,12642000.0,2025-01-21
T035497,C001,R021,Quota,Specialty,APAC,2106000.0,0.0,0.0,0.14,0,0.98,4606000.0,2025-03-15
T056338,C007,R018,XoL,Casualty,EU,4001000.0,13936000.0,46450000.0,0.0,1,0.91,11393000.0,2025-01-29
T079278,C015,R024,Quota,Casualty,LATAM,4649000.0,0.0,0.0,0.28,1,0.42,8164000.0,2025-02-11
T005465,C015,R020,XoL,Specialty,EU,2004000.0,6464000.0,31270000.0,0.0,1,0.55,4600000.0,2025-01-10
T070156,C005,R029,Quota,Casualty,APAC,3353000.0,0.0,0.0,0.39,0,0.67,5946000.0,2025-04-09
T070670,C011,R006,Quota,Casualty,EU,10774000.0,0.0,0.0,0.28,1,0.22,36340000.0,2025-04-24
T056014,C012,R006,Quota,Property,US,2717000.0,0.0,0.0,0.21,1,0.74,6091000.0,2025-05-21
T012086,C002,R029,XoL,Casualty,LATAM,2608000.0,10875000.0,49079000.0,0.0,1,0.73,5787000.0,2025-04-10
T056819,C012,R024,XoL,Property,APAC,4915000.0,12075000.0,58701000.0,0.0,1,0.58,11702000.0,2025-06-08
T020001,C016,R004,XoL,Specialty,US,7557000.0,21431000.0,97080000.0,0.0,1,0.5,21635000.0,2025-03-03
T069067,C015,R019,Quota,Specialty,APAC,2642000.0,0.0,0.0,0.24,0,0.86,5199000.0,2025-03-08
T050453,C003,R021,Quota,Specialty,APAC,3147000.0,0.0,0.0,0.29,1,0.58,7321000.0,2025-05-25
T090710,C011,R029,XoL,Specialty,LATAM,3336000.0,12609000.0,40148000.0,0.0,0,0.53,7880000.0,2025-02-01
T052885,C011,R028,Quota,Specialty,US,1593000.0,0.0,0.0,0.17,1,0.75,3920000.0,2025-01-19
T030964,C002,R026,Quota,Casualty,APAC,4141000.0,0.0,0.0,0.1,0,0.61,8716000.0,2025-02-18
T034574,C014,R006,XoL,Specialty,EU,5034000.0,24348000.0,113140000.0,0.0,1,0.82,12071000.0,2025-04-09
T015295,C018,R001,XoL,Property,US,6431000.0,31818000.0,69781000.0,0.0,1,0.21,11573000.0,2025-03-31
T027919,C017,R017,XoL,Specialty,APAC,3970000.0,8302000.0,29477000.0,0.0,1,0.55,6964000.0,2025-01-05
T046121,C001,R004,XoL,Specialty,US,6391000.0,21602000.0,100597000.0,0.0,1,0.49,20465000.0,2025-06-24
T035074,C007,R015,Quota,Specialty,LATAM,5241000.0,0.0,0.0,0.29,0,0.6,14045000.0,2025-04-18
T010551,C002,R026,XoL,Specialty,LATAM,5017000.0,20650000.0,69624000.0,0.0,1,0.58,9066000.0,2025-04-29
T091128,C012,R005,Quota,Property,US,5111000.0,0.0,0.0,0.4,1,0.52,17100000.0,2025-06-29
T000691,C011,R007,XoL,Casualty,US,1615000.0,6975000.0,33485000.0,0.0,1,1.09,4560000.0,2025-05-17
T077730,C010,R009,Quota,Casualty,US,4257000.0,0.0,0.0,0.17,1,0.67,13400000.0,2025-03-28
T036097,C010,R025,Quota,Specialty,US,3616000.0,0.0,0.0,0.16,0,0.86,11098000.0,2025-06-15
T065352,C016,R023,Quota,Property,EU,2174000.0,0.0,0.0,0.19,0,0.66,4453000.0,2025-01-20
T011041,C001,R013,XoL,Property,APAC,1273000.0,3757000.0,17849000.0,0.0,0,0.71,4104000.0,2025-05-12
T004222,C010,R013,XoL,Casualty,US,1197000.0,3786000.0,18703000.0,0.0,1,0.89,2653000.0,2025-03-12
T000822,C003,R021,XoL,Specialty,EU,1281000.0,3948000.0,9063000.0,0.0,0,0.4,2364000.0,2025-06-01
T038129,C009,R004,XoL,Casualty,US,8186000.0,36277000.0,129503000.0,0.0,1,0.8,27730000.0,2025-06-23
T089152,C011,R022,Quota,Property,APAC,2507000.0,0.0,0.0,0.28,1,1.14,4583000.0,2025-05-21
T029232,C019,R016,XoL,Specialty,US,4125000.0,19291000.0,64267000.0,0.0,1,0.54,13532000.0,2025-02-25
T050557,C010,R016,Quota,Specialty,US,3170000.0,0.0,0.0,0.27,1,0.74,9012000.0,2025-06-02
T033685,C013,R030,XoL,Property,EU,2278000.0,9416000.0,39302000.0,0.0,1,0.59,7233000.0,2025-03-20
T058754,C005,R013,XoL,Specialty,EU,6146000.0,14650000.0,62796000.0,0.0,1,0.91,21470000.0,2025-06-05
T027023,C020,R026,XoL,Property,APAC,2158000.0,7270000.0,31285000.0,0.0,1,0.88,7381000.0,2025-02-27
T036906,C014,R027,Quota,Specialty,APAC,3034000.0,0.0,0.0,0.24,0,0.33,7493000.0,2025-03-08
T000271,C009,R017,XoL,Casualty,LATAM,4770000.0,16108000.0,39325000.0,0.0,1,0.48,11239000.0,2025-03-07
T008867,C018,R006,Quota,Casualty,LATAM,2946000.0,0.0,0.0,0.24,0,0.87,5598000.0,2025-04-26
T015007,C009,R019,Quota,Specialty,EU,3334000.0,0.0,0.0,0.11,1,0.52,11296000.0,2025-02-13
T004689,C018,R002,Quota,Casualty,LATAM,4027000.0,0.0,0.0,0.2,0,0.39,11368000.0,2025-01-25
T081996,C008,R010,Quota,Casualty,APAC,4443000.0,0.0,0.0,0.1,1,0.53,13239000.0,2025-06-05
T084373,C002,R010,XoL,Specialty,APAC,3406000.0,8450000.0,32747000.0,0.0,0,0.57,8870000.0,2025-01-30
T002515,C013,R005,Quota,Casualty,EU,3378000.0,0.0,0.0,0.24,1,0.76,10944000.0,2025-06-13
T036400,C012,R028,XoL,Property,EU,1792000.0,6553000.0,25906000.0,0.0,1,0.65,2712000.0,2025-02-14
T038869,C009,R019,Quota,Casualty,LATAM,3860000.0,0.0,0.0,0.35,0,0.66,8422000.0,2025-01-13
T058245,C001,R021,XoL,Property,LATAM,2369000.0,9279000.0,40965000.0,0.0,0,0.81,3667000.0,2025-02-08
T030410,C006,R013,XoL,Property,US,2908000.0,13358000.0,36127000.0,0.0,1,1.33,7300000.0,2025-01-27
T054795,C015,R020,XoL,Specialty,EU,7555000.0,26985000.0,80534000.0,0.0,1,0.57,25129000.0,2025-03-05
T019264,C020,R020,XoL,Casualty,US,1965000.0,6174000.0,16249000.0,0.0,0,0.81,6833000.0,2025-06-30
T083910,C012,R007,Quota,Casualty,LATAM,2961000.0,0.0,0.0,0.27,1,0.43,4857000.0,2025-03-04
T026974,C010,R015,Quota,Property,APAC,5530000.0,0.0,0.0,0.35,1,0.37,17416000.0,2025-02-18
T007130,C010,R002,XoL,Casualty,LATAM,3179000.0,11036000.0,41033000.0,0.0,0,0.08,7130000.0,2025-05-01
T007145,C018,R022,XoL,Property,LATAM,2647000.0,13093000.0,65273000.0,0.0,0,0.81,8275000.0,2025-05-15
T045466,C013,R002,XoL,Casualty,LATAM,4010000.0,19442000.0,42238000.0,0.0,1,0.46,11923000.0,2025-01-06
T001967,C018,R010,Quota,Casualty,EU,2542000.0,0.0,0.0,0.25,1,0.26,8200000.0,2025-03-14
T015153,C014,R022,XoL,Casualty,US,1634000.0,7432000.0,25593000.0,0.0,1,0.84,5546000.0,2025-01-07
T019114,C001,R020,XoL,Specialty,US,3509000.0,13273000.0,65209000.0,0.0,1,0.46,9798000.0,2025-01-08
T076207,C012,R018,Quota,Specialty,EU,2023000.0,0.0,0.0,0.3,1,0.75,6301000.0,2025-06-29
T032142,C011,R022,Quota,Casualty,LATAM,1866000.0,0.0,0.0,0.28,0,0.78,3001000.0,2025-05-05
T021935,C006,R004,Quota,Casualty,EU,4478000.0,0.0,0.0,0.13,1,0.81,13842000.0,2025-05-25
T040360,C012,R001,XoL,Casualty,EU,2694000.0,5584000.0,22436000.0,0.0,1,1.04,6698000.0,2025-03-22
T053842,C001,R005,XoL,Casualty,EU,2430000.0,6766000.0,27976000.0,0.0,0,0.69,7790000.0,2025-02-09
T009163,C007,R025,XoL,Property,EU,1006000.0,4510000.0,18375000.0,0.0,1,0.51,3493000.0,2025-02-11
T087844,C012,R027,Quota,Casualty,LATAM,4296000.0,0.0,0.0,0.4,1,0.7,6503000.0,2025-04-18
T037630,C001,R027,XoL,Property,EU,2967000.0,7566000.0,29608000.0,0.0,1,0.53,9662000.0,2025-05-19
T083305,C018,R007,XoL,Specialty,US,4496000.0,15037000.0,49046000.0,0.0,0,0.52,15168000.0,2025-06-09
T066270,C016,R004,XoL,Property,APAC,3796000.0,10928000.0,45879000.0,0.0,1,0.57,11180000.0,2025-02-20
T034654,C013,R002,Quota,Property,US,3451000.0,0.0,0.0,0.24,0,0.59,7032000.0,2025-03-25
T041963,C007,R011,XoL,Casualty,APAC,4374000.0,13666000.0,66674000.0,0.0,1,0.57,8060000.0,2025-04-20
T039591,C005,R004,XoL,Casualty,EU,3021000.0,11918000.0,42691000.0,0.0,1,0.52,5452000.0,2025-05-26
T081036,C008,R027,XoL,Specialty,EU,6264000.0,18330000.0,70473000.0,0.0,1,0.75,12987000.0,2025-03-11
T010981,C012,R023,XoL,Specialty,US,2495000.0,11714000.0,50662000.0,0.0,1,0.44,6709000.0,2025-02-03
T056300,C015,R018,Quota,Casualty,US,4953000.0,0.0,0.0,0.14,1,0.56,12892000.0,2025-05-15
T061549,C002,R001,Quota,Casualty,APAC,2520000.0,0.0,0.0,0.28,1,0.7,7652000.0,2025-06-05
T088401,C015,R010,XoL,Property,EU,2218000.0,7454000.0,19097000.0,0.0,1,0.84,6600000.0,2025-05-31
T044324,C013,R017,Quota,Specialty,APAC,3651000.0,0.0,0.0,0.28,1,0.59,9247000.0,2025-02-20
T055208,C002,R002,XoL,Property,US,3219000.0,8875000.0,36379000.0,0.0,1,0.39,5071000.0,2025-02-25
T053528,C001,R027,Quota,Casualty,LATAM,6793000.0,0.0,0.0,0.22,1,0.56,12692000.0,2025-01-28
T026971,C016,R003,Quota,Property,APAC,1906000.0,0.0,0.0,0.29,1,0.75,3664000.0,2025-03-13
T073218,C015,R018,Quota,Property,EU,2933000.0,0.0,0.0,0.31,0,0.52,7459000.0,2025-03-01
T065891,C013,R012,Quota,Specialty,LATAM,2447000.0,0.0,0.0,0.11,1,0.92,7035000.0,2025-03-09
T042222,C019,R025,XoL,Property,EU,1131000.0,3622000.0,12099000.0,0.0,1,0.63,1778000.0,2025-01-12
T097866,C005,R009,XoL,Casualty,US,3302000.0,11605000.0,24717000.0,0.0,0,0.94,7625000.0,2025-05-07
T012251,C013,R020,Quota,Casualty,US,3665000.0,0.0,0.0,0.37,0,0.62,8852000.0,2025-05-03
T069437,C015,R019,XoL,Specialty,EU,6461000.0,21936000.0,52651000.0,0.0,1,0.92,19597000.0,2025-04-28
T038433,C018,R027,Quota,Specialty,US,2785000.0,0.0,0.0,0.25,1,0.88,8254000.0,2025-02-20
T040890,C010,R017,XoL,Casualty,US,3505000.0,8629000.0,37298000.0,0.0,1,0.55,7571000.0,2025-06-11
T030999,C014,R007,Quota,Specialty,EU,3495000.0,0.0,0.0,0.13,1,0.87,10589000.0,2025-01-03
T056146,C017,R026,Quota,Casualty,LATAM,6165000.0,0.0,0.0,0.22,0,0.79,9967000.0,2025-01-20
T095414,C006,R017,Quota,Casualty,LATAM,3102000.0,0.0,0.0,0.34,1,0.86,6393000.0,2025-03-07
T022156,C007,R009,Quota,Specialty,APAC,3270000.0,0.0,0.0,0.13,1,0.72,10959000.0,2025-04-16
T017614,C008,R027,XoL,Casualty,US,3025000.0,6238000.0,27759000.0,0.0,1,0.75,7621000.0,2025-04-12
T056444,C010,R002,Quota,Specialty,APAC,1207000.0,0.0,0.0,0.22,0,0.91,3549000.0,2025-04-19
T098400,C011,R020,Quota,Specialty,EU,2443000.0,0.0,0.0,0.25,0,0.24,8497000.0,2025-01-07
T024053,C018,R018,Quota,Property,APAC,1603000.0,0.0,0.0,0.24,1,1.05,2615000.0,2025-02-20
T050243,C003,R006,XoL,Property,LATAM,1921000.0,6060000.0,23339000.0,0.0,1,0.51,5369000.0,2025-03-20
T058999,C007,R001,Quota,Specialty,US,2516000.0,0.0,0.0,0.12,1,0.74,6927000.0,2025-04-26
T031345,C009,R026,XoL,Property,US,904000.0,2586000.0,6424000.0,0.0,1,0.73,1822000.0,2025-04-28
T061242,C009,R006,XoL,Specialty,EU,2515000.0,10192000.0,46299000.0,0.0,0,0.75,7608000.0,2025-06-13
T092530,C015,R029,Quota,Property,APAC,4063000.0,0.0,0.0,0.1,1,0.96,7645000.0,2025-03-13
T080829,C020,R016,Quota,Property,LATAM,3346000.0,0.0,0.0,0.35,1,0.54,6320000.0,2025-01-07
T051726,C020,R003,Quota,Property,EU,3143000.0,0.0,0.0,0.36,0,0.53,7733000.0,2025-04-16
T033880,C007,R003,Quota,Property,EU,1323000.0,0.0,0.0,0.31,1,0.52,3978000.0,2025-01-16
T083007,C001,R001,XoL,Casualty,APAC,5439000.0,20670000.0,90109000.0,0.0,0,0.79,11948000.0,2025-04-09
T073909,C019,R004,XoL,Property,APAC,4356000.0,17838000.0,44427000.0,0.0,1,1.16,12044000.0,2025-04-30
T067247,C017,R004,Quota,Property,EU,3808000.0,0.0,0.0,0.3,1,0.45,11501000.0,2025-03-31
T088808,C017,R017,Quota,Casualty,LATAM,3552000.0,0.0,0.0,0.14,1,0.7,8705000.0,2025-03-24
T013122,C007,R001,XoL,Casualty,US,3305000.0,8062000.0,32356000.0,0.0,1,0.81,7589000.0,2025-06-13
T008258,C010,R020,Quota,Property,EU,8342000.0,0.0,0.0,0.2,1,0.76,28880000.0,2025-06-26
T093381,C002,R006,Quota,Property,EU,2810000.0,0.0,0.0,0.29,1,0.84,8918000.0,2025-04-30
T013915,C017,R024,Quota,Casualty,EU,2954000.0,0.0,0.0,0.18,0,0.69,4487000.0,2025-06-20
T030903,C004,R014,Quota,Property,LATAM,6411000.0,0.0,0.0,0.38,1,0.64,10476000.0,2025-06-29
T072859,C001,R009,Quota,Casualty,EU,2289000.0,0.0,0.0,0.31,0,0.48,6865000.0,2025-06-03
T020293,C003,R022,Quota,Property,APAC,1126000.0,0.0,0.0,0.31,1,0.55,2040000.0,2025-04-03
T058171,C006,R011,Quota,Casualty,LATAM,2616000.0,0.0,0.0,0.15,0,0.56,8020000.0,2025-04-04
T020950,C002,R002,Quota,Casualty,LATAM,5904000.0,0.0,0.0,0.26,1,0.72,17910000.0,2025-02-03
T036695,C002,R005,XoL,Specialty,APAC,5698000.0,14496000.0,42193000.0,0.0,0,0.68,9086000.0,2025-01-09
T008526,C004,R025,Quota,Property,EU,3020000.0,0.0,0.0,0.2,1,0.9,7753000.0,2025-02-15
T078272,C003,R024,Quota,Property,US,6337000.0,0.0,0.0,0.33,1,0.57,14408000.0,2025-06-05
T077403,C007,R029,XoL,Specialty,US,3164000.0,11647000.0,30853000.0,0.0,1,0.83,9620000.0,2025-02-17
T077652,C016,R018,Quota,Casualty,US,3085000.0,0.0,0.0,0.14,1,0.73,5581000.0,2025-05-28
T099837,C012,R023,Quota,Casualty,US,3446000.0,0.0,0.0,0.15,1,0.56,9287000.0,2025-06-05
T092272,C009,R022,XoL,Specialty,APAC,3250000.0,15261000.0,61128000.0,0.0,1,0.67,6779000.0,2025-04-04
T029776,C012,R015,Quota,Casualty,LATAM,2429000.0,0.0,0.0,0.2,0,0.79,5435000.0,2025-03-04
T034808,C018,R014,XoL,Specialty,LATAM,2551000.0,12650000.0,48390000.0,0.0,1,0.84,4023000.0,2025-01-31
T016886,C006,R021,Quota,Property,EU,2148000.0,0.0,0.0,0.32,1,0.38,3656000.0,2025-03-19
T049984,C003,R014,XoL,Property,US,3574000.0,14278000.0,62923000.0,0.0,1,0.56,6011000.0,2025-04-24
T062615,C019,R017,Quota,Specialty,US,4503000.0,0.0,0.0,0.15,1,0.86,7005000.0,2025-05-19
T014229,C011,R015,XoL,Specialty,APAC,11240000.0,23049000.0,102103000.0,0.0,1,0.53,18503000.0,2025-01-06
T052177,C005,R010,Quota,Specialty,LATAM,2720000.0,0.0,0.0,0.24,1,0.19,5434000.0,2025-04-10
T008029,C015,R006,XoL,Casualty,EU,3164000.0,12445000.0,42075000.0,0.0,0,0.46,10911000.0,2025-02-28
T028922,C003,R008,Quota,Specialty,EU,4093000.0,0.0,0.0,0.32,1,0.84,14290000.0,2025-05-21
T069420,C020,R002,Quota,Property,EU,1630000.0,0.0,0.0,0.18,1,0.9,4778000.0,2025-04-19
T070812,C008,R002,XoL,Property,US,7263000.0,16666000.0,70742000.0,0.0,0,0.9,25136000.0,2025-03-11
T034364,C018,R003,Quota,Specialty,LATAM,3080000.0,0.0,0.0,0.21,1,0.77,6975000.0,2025-03-17
T043204,C011,R017,XoL,Specialty,LATAM,2581000.0,9169000.0,34671000.0,0.0,1,0.86,7200000.0,2025-04-28
T036795,C016,R005,Quota,Casualty,US,2756000.0,0.0,0.0,0.15,0,0.38,8820000.0,2025-02-15
T097027,C014,R001,XoL,Property,EU,3998000.0,11510000.0,24625000.0,0.0,1,0.82,9547000.0,2025-03-08
T063343,C019,R021,XoL,Property,US,7909000.0,33583000.0,162734000.0,0.0,1,0.84,16307000.0,2025-01-23
T036956,C017,R002,Quota,Property,APAC,4817000.0,0.0,0.0,0.25,1,0.5,10061000.0,2025-06-04
T069229,C012,R003,Quota,Property,APAC,5583000.0,0.0,0.0,0.15,1,0.6,18977000.0,2025-03-09
T009424,C002,R004,Quota,Casualty,APAC,1950000.0,0.0,0.0,0.16,0,1.15,5394000.0,2025-04-11
T086001,C013,R019,Quota,Casualty,LATAM,3137000.0,0.0,0.0,0.21,0,0.53,7496000.0,2025-03-07
T016959,C018,R019,XoL,Casualty,EU,4125000.0,9773000.0,34567000.0,0.0,1,0.68,13060000.0,2025-05-16
T021615,C013,R024,XoL,Casualty,LATAM,3386000.0,10193000.0,26826000.0,0.0,1,0.94,8348000.0,2025-06-24
T061462,C011,R020,XoL,Specialty,LATAM,2203000.0,6427000.0,14819000.0,0.0,1,0.66,4550000.0,2025-03-02
T061774,C019,R002,Quota,Casualty,APAC,3700000.0,0.0,0.0,0.16,1,0.93,12494000.0,2025-02-09
T086802,C002,R030,XoL,Property,EU,3025000.0,11708000.0,49265000.0,0.0,1,0.89,7892000.0,2025-01-21
T067503,C007,R018,Quota,Specialty,APAC,5349000.0,0.0,0.0,0.16,1,1.04,17896000.0,2025-04-12
T079371,C017,R006,Quota,Property,US,2027000.0,0.0,0.0,0.24,1,0.92,4107000.0,2025-04-28
T034497,C009,R005,Quota,Casualty,APAC,3547000.0,0.0,0.0,0.16,0,0.53,11461000.0,2025-06-17
T043009,C017,R001,XoL,Property,APAC,1223000.0,4577000.0,13012000.0,0.0,1,0.4,2804000.0,2025-01-09
T091598,C007,R022,Quota,Specialty,EU,2836000.0,0.0,0.0,0.31,0,0.7,8905000.0,2025-04-18
T075439,C011,R021,XoL,Casualty,US,4732000.0,16541000.0,75903000.0,0.0,1,0.94,16169000.0,2025-04-19
T029720,C020,R015,XoL,Casualty,APAC,4727000.0,21726000.0,50357000.0,0.0,0,0.93,8901000.0,2025-06-23
T038607,C005,R008,XoL,Property,US,3902000.0,10095000.0,41912000.0,0.0,0,0.61,11481000.0,2025-01-22
T077127,C016,R001,XoL,Property,EU,3745000.0,15225000.0,60863000.0,0.0,0,0.64,5702000.0,2025-05-13
T097088,C015,R017,XoL,Casualty,APAC,5533000.0,16035000.0,43788000.0,0.0,1,0.53,15556000.0,2025-02-13
T024627,C014,R021,XoL,Casualty,EU,3266000.0,10117000.0,41015000.0,0.0,0,0.31,5163000.0,2025-05-30
T061815,C001,R029,XoL,Property,EU,4407000.0,16565000.0,38346000.0,0.0,0,0.59,8825000.0,2025-06-28
T069756,C005,R004,XoL,Casualty,LATAM,3231000.0,8304000.0,31120000.0,0.0,0,0.79,7798000.0,2025-01-29
T011931,C010,R009,Quota,Casualty,LATAM,2585000.0,0.0,0.0,0.33,0,0.58,4752000.0,2025-02-24
T016161,C004,R023,XoL,Specialty,EU,4372000.0,18666000.0,90295000.0,0.0,1,0.34,11823000.0,2025-01-19
T047440,C002,R017,Quota,Property,LATAM,4619000.0,0.0,0.0,0.26,0,0.56,15775000.0,2025-05-10
T034606,C009,R012,XoL,Specialty,EU,1060000.0,3259000.0,7597000.0,0.0,1,1.05,3114000.0,2025-06-14
T014107,C001,R001,Quota,Specialty,EU,4812000.0,0.0,0.0,0.11,1,0.6,8509000.0,2025-02-16
T090651,C014,R007,XoL,Specialty,APAC,3068000.0,13120000.0,42703000.0,0.0,1,0.3,9651000.0,2025-06-22
T098435,C007,R027,XoL,Property,LATAM,2481000.0,7835000.0,25569000.0,0.0,0,0.62,4691000.0,2025-06-04
T017503,C019,R025,Quota,Property,EU,3263000.0,0.0,0.0,0.34,1,0.62,11375000.0,2025-03-08
T063486,C017,R030,Quota,Casualty,LATAM,5041000.0,0.0,0.0,0.38,1,0.47,10927000.0,2025-04-24
T033076,C003,R013,XoL,Property,LATAM,4521000.0,9883000.0,21718000.0,0.0,0,0.72,10526000.0,2025-03-21
T079809,C002,R013,Quota,Casualty,US,2616000.0,0.0,0.0,0.3,1,1.03,3966000.0,2025-06-12
T090791,C020,R027,XoL,Casualty,APAC,2088000.0,4199000.0,9568000.0,0.0,1,0.96,5251000.0,2025-04-17
T093365,C015,R017,XoL,Casualty,APAC,6202000.0,15851000.0,55189000.0,0.0,1,0.98,18185000.0,2025-02-06
T018293,C007,R029,Quota,Property,EU,1604000.0,0.0,0.0,0.24,0,0.69,2833000.0,2025-03-29
T043850,C005,R003,XoL,Property,APAC,2080000.0,10366000.0,27086000.0,0.0,1,0.75,3597000.0,2025-01-20
T035068,C005,R029,Quota,Property,APAC,2321000.0,0.0,0.0,0.22,1,0.78,5421000.0,2025-06-06
T061393,C003,R020,XoL,Casualty,EU,3472000.0,9897000.0,31944000.0,0.0,1,0.63,9890000.0,2025-06-01
T027382,C016,R014,Quota,Property,LATAM,4249000.0,0.0,0.0,0.31,1,0.71,9188000.0,2025-02-08
T085414,C010,R017,Quota,Specialty,EU,3171000.0,0.0,0.0,0.16,1,0.89,6185000.0,2025-03-04
T013798,C001,R007,Quota,Specialty,EU,2958000.0,0.0,0.0,0.35,1,0.95,7906000.0,2025-03-14
T001729,C011,R027,XoL,Casualty,EU,6226000.0,25274000.0,115189000.0,0.0,0,0.56,15682000.0,2025-01-22
T066101,C016,R023,XoL,Casualty,LATAM,4952000.0,11646000.0,33041000.0,0.0,0,0.62,9049000.0,2025-04-06
T007678,C001,R022,Quota,Specialty,APAC,3413000.0,0.0,0.0,0.39,1,0.71,8633000.0,2025-05-15
T073315,C010,R027,Quota,Specialty,EU,6783000.0,0.0,0.0,0.32,1,0.55,15873000.0,2025-02-21
T069696,C011,R016,XoL,Casualty,US,4701000.0,21367000.0,53090000.0,0.0,1,0.61,7196000.0,2025-01-24
T005439,C017,R014,Quota,Specialty,LATAM,2054000.0,0.0,0.0,0.26,1,0.44,4360000.0,2025-03-05
T073381,C013,R022,XoL,Property,APAC,3658000.0,15116000.0,56196000.0,0.0,1,0.78,8234000.0,2025-03-28
T034591,C011,R020,XoL,Property,APAC,992000.0,2591000.0,12471000.0,0.0,1,0.9,2951000.0,2025-06-30
T008453,C015,R024,XoL,Property,US,4196000.0,13323000.0,33132000.0,0.0,1,0.49,11464000.0,2025-06-18
T006235,C019,R011,Quota,Specialty,EU,3742000.0,0.0,0.0,0.19,0,0.26,7993000.0,2025-02-25
T056580,C011,R011,XoL,Casualty,APAC,2514000.0,11069000.0,38681000.0,0.0,1,0.42,7045000.0,2025-01-08
T044069,C006,R012,XoL,Specialty,EU,2559000.0,12060000.0,49348000.0,0.0,1,0.56,7828000.0,2025-05-10
T073662,C003,R022,XoL,Property,US,3015000.0,11429000.0,27127000.0,0.0,0,0.7,8445000.0,2025-01-15
T018242,C016,R024,Quota,Property,LATAM,4187000.0,0.0,0.0,0.27,1,0.77,8775000.0,2025-05-16
T072560,C009,R022,XoL,Specialty,US,3152000.0,14924000.0,42995000.0,0.0,1,0.68,8970000.0,2025-01-20
T011373,C016,R008,Quota,Casualty,EU,3336000.0,0.0,0.0,0.39,0,0.66,5085000.0,2025-02-08
T053068,C013,R022,XoL,Casualty,APAC,4391000.0,20461000.0,72869000.0,0.0,1,0.56,11477000.0,2025-06-21
T054397,C001,R011,Quota,Specialty,APAC,4717000.0,0.0,0.0,0.36,1,0.52,12000000.0,2025-05-27
T060744,C007,R023,Quota,Property,APAC,4499000.0,0.0,0.0,0.2,1,0.74,10230000.0,2025-06-22
T004233,C019,R003,Quota,Property,US,3085000.0,0.0,0.0,0.21,1,0.51,6145000.0,2025-01-15
T066150,C002,R012,XoL,Specialty,APAC,1359000.0,6044000.0,23864000.0,0.0,0,0.65,2754000.0,2025-06-23
T000227,C001,R029,XoL,Specialty,APAC,6268000.0,25046000.0,73613000.0,0.0,1,0.59,21039000.0,2025-01-22
T038051,C010,R024,XoL,Casualty,US,3292000.0,11556000.0,27771000.0,0.0,1,1.01,8691000.0,2025-01-18
T075831,C014,R005,XoL,Casualty,US,7474000.0,19376000.0,78613000.0,0.0,1,0.52,25773000.0,2025-01-17
T011713,C010,R026,XoL,Property,EU,5228000.0,25125000.0,56960000.0,0.0,1,0.63,9151000.0,2025-04-27
T089799,C017,R030,XoL,Specialty,EU,2282000.0,10752000.0,42958000.0,0.0,0,0.66,7509000.0,2025-02-19
T084722,C009,R014,Quota,Casualty,EU,4400000.0,0.0,0.0,0.22,1,0.96,10685000.0,2025-05-12
T011651,C005,R011,XoL,Property,APAC,2202000.0,10228000.0,44084000.0,0.0,1,0.95,5425000.0,2025-05-01
T063793,C013,R027,XoL,Casualty,EU,4366000.0,9751000.0,43628000.0,0.0,1,0.53,9495000.0,2025-03-08
T018332,C020,R028,Quota,Specialty,US,3875000.0,0.0,0.0,0.11,0,0.54,11098000.0,2025-01-22
T059465,C010,R029,XoL,Casualty,APAC,2269000.0,10655000.0,26895000.0,0.0,0,0.63,4503000.0,2025-03-25
T031839,C013,R003,Quota,Casualty,US,1579000.0,0.0,0.0,0.15,0,0.98,4545000.0,2025-01-23
T035888,C002,R011,Quota,Specialty,US,8383000.0,0.0,0.0,0.33,1,0.3,22176000.0,2025-06-19
T070558,C013,R029,XoL,Casualty,US,2029000.0,7411000.0,31547000.0,0.0,1,0.29,4195000.0,2025-05-14
T068842,C007,R004,XoL,Casualty,LATAM,2635000.0,12166000.0,43874000.0,0.0,0,0.86,9151000.0,2025-02-09
T044300,C010,R009,XoL,Property,EU,3231000.0,9572000.0,46819000.0,0.0,1,0.56,5169000.0,2025-05-16
T039432,C003,R025,Quota,Casualty,APAC,2060000.0,0.0,0.0,0.14,0,0.86,7176000.0,2025-01-31
T071758,C006,R029,Quota,Casualty,EU,3472000.0,0.0,0.0,0.19,1,0.78,6416000.0,2025-04-03
T051267,C012,R002,XoL,Casualty,LATAM,4720000.0,17100000.0,83554000.0,0.0,0,0.62,15492000.0,2025-03-30
T049809,C016,R013,XoL,Casualty,LATAM,3859000.0,15265000.0,66383000.0,0.0,0,0.47,8772000.0,2025-03-30
T086689,C003,R015,Quota,Casualty,US,5312000.0,0.0,0.0,0.12,1,0.82,8539000.0,2025-04-08
T061005,C007,R009,XoL,Property,EU,2961000.0,13238000.0,63596000.0,0.0,1,0.46,7007000.0,2025-01-14
T060771,C019,R002,Quota,Property,US,2275000.0,0.0,0.0,0.1,1,0.27,6279000.0,2025-01-12
T000088,C007,R003,Quota,Property,LATAM,10855000.0,0.0,0.0,0.17,1,0.72,19499000.0,2025-06-15
T077204,C016,R007,XoL,Specialty,EU,6884000.0,28760000.0,98041000.0,0.0,1,0.55,17352000.0,2025-01-30
T051988,C015,R030,Quota,Property,US,1618000.0,0.0,0.0,0.35,1,0.73,5040000.0,2025-01-31
T082150,C015,R023,XoL,Casualty,LATAM,2097000.0,5147000.0,15167000.0,0.0,1,0.94,6185000.0,2025-06-28
T043734,C003,R021,Quota,Specialty,US,2094000.0,0.0,0.0,0.18,1,0.91,3743000.0,2025-03-26
T095182,C007,R020,XoL,Specialty,US,5932000.0,19707000.0,67813000.0,0.0,0,0.39,12814000.0,2025-04-26
T088477,C013,R009,XoL,Specialty,APAC,2521000.0,8548000.0,19784000.0,0.0,1,0.67,8705000.0,2025-04-06
T062006,C006,R027,XoL,Property,US,1698000.0,6394000.0,26534000.0,0.0,0,0.39,2873000.0,2025-05-16
T030884,C012,R027,XoL,Casualty,APAC,2918000.0,14395000.0,59172000.0,0.0,0,0.66,8291000.0,2025-02-18
T050767,C006,R014,Quota,Specialty,LATAM,3993000.0,0.0,0.0,0.22,1,1.26,6384000.0,2025-06-10
T074956,C019,R019,Quota,Property,LATAM,3128000.0,0.0,0.0,0.16,0,0.5,6943000.0,2025-03-26
T012751,C007,R003,XoL,Property,APAC,3741000.0,7941000.0,29590000.0,0.0,1,0.27,6671000.0,2025-02-26
T036507,C014,R029,Quota,Casualty,APAC,3042000.0,0.0,0.0,0.17,1,0.5,5005000.0,2025-01-03
T009938,C011,R021,Quota,Casualty,US,2470000.0,0.0,0.0,0.24,0,0.69,4305000.0,2025-06-22
T018374,C007,R016,Quota,Casualty,APAC,5267000.0,0.0,0.0,0.33,1,0.36,16257000.0,2025-06-04
T092221,C011,R024,XoL,Casualty,US,2455000.0,5393000.0,26089000.0,0.0,1,0.65,6798000.0,2025-03-24
T090730,C018,R026,XoL,Property,LATAM,6423000.0,13425000.0,63426000.0,0.0,1,0.39,18361000.0,2025-05-12
T012397,C005,R029,Quota,Property,US,5964000.0,0.0,0.0,0.12,1,0.67,10310000.0,2025-05-29
T094922,C008,R016,XoL,Property,APAC,3826000.0,10191000.0,32151000.0,0.0,1,0.83,7706000.0,2025-05-18
T033802,C012,R029,XoL,Specialty,LATAM,3604000.0,7548000.0,16181000.0,0.0,1,0.47,11061000.0,2025-06-27
T001231,C004,R006,Quota,Property,APAC,5248000.0,0.0,0.0,0.29,1,0.86,16000000.0,2025-03-05
T020335,C012,R015,XoL,Casualty,EU,3118000.0,9838000.0,38296000.0,0.0,1,0.53,9876000.0,2025-01-13
T078044,C008,R019,Quota,Property,APAC,3733000.0,0.0,0.0,0.3,1,0.61,6541000.0,2025-03-11
T040351,C001,R027,XoL,Property,APAC,2374000.0,5371000.0,19705000.0,0.0,1,1.09,4316000.0,2025-01-24
T050863,C003,R020,XoL,Property,US,2528000.0,6391000.0,28765000.0,0.0,0,0.62,4905000.0,2025-05-10
T065410,C006,R015,XoL,Specialty,US,5567000.0,22293000.0,96485000.0,0.0,1,0.41,13186000.0,2025-03-21
T098466,C012,R022,Quota,Specialty,US,7821000.0,0.0,0.0,0.11,1,0.62,22073000.0,2025-03-21
T083943,C011,R001,XoL,Specialty,LATAM,2380000.0,11241000.0,25245000.0,0.0,1,0.9,5640000.0,2025-03-07
T035641,C017,R006,XoL,Property,APAC,2390000.0,8793000.0,41958000.0,0.0,1,0.47,7765000.0,2025-04-02
T076610,C016,R028,Quota,Specialty,US,4392000.0,0.0,0.0,0.39,1,0.61,8474000.0,2025-04-12
T001046,C018,R013,Quota,Specialty,LATAM,3689000.0,0.0,0.0,0.36,0,0.7,11322000.0,2025-01-28
T097796,C015,R025,XoL,Casualty,EU,5985000.0,23769000.0,55789000.0,0.0,1,0.96,13577000.0,2025-06-10
T005938,C009,R001,Quota,Property,US,2874000.0,0.0,0.0,0.22,0,0.65,7819000.0,2025-06-30
T057688,C004,R027,Quota,Property,APAC,6739000.0,0.0,0.0,0.16,1,0.84,18999000.0,2025-02-20
T007896,C001,R024,Quota,Casualty,EU,3016000.0,0.0,0.0,0.18,1,0.7,8916000.0,2025-04-18
T087485,C001,R025,XoL,Casualty,EU,2039000.0,5767000.0,24061000.0,0.0,1,0.34,6921000.0,2025-01-24
T017571,C007,R002,XoL,Casualty,LATAM,4192000.0,11555000.0,57474000.0,0.0,0,0.61,10249000.0,2025-05-10
T053065,C019,R024,XoL,Specialty,LATAM,2418000.0,10035000.0,42580000.0,0.0,1,0.44,5195000.0,2025-05-10
T011142,C009,R012,Quota,Specialty,LATAM,1292000.0,0.0,0.0,0.12,1,0.98,3006000.0,2025-04-10
T096937,C004,R016,Quota,Casualty,EU,2654000.0,0.0,0.0,0.15,1,0.71,4854000.0,2025-01-26
T050491,C005,R018,Quota,Property,US,2063000.0,0.0,0.0,0.38,1,0.33,3731000.0,2025-04-04
T033223,C015,R019,Quota,Casualty,EU,4632000.0,0.0,0.0,0.24,1,0.57,13532000.0,2025-06-12
T082507,C006,R004,XoL,Property,LATAM,2575000.0,9288000.0,38077000.0,0.0,0,0.58,6094000.0,2025-03-21
T036297,C010,R005,XoL,Property,LATAM,4896000.0,20585000.0,67800000.0,0.0,0,0.82,14373000.0,2025-02-10
T067925,C008,R023,XoL,Property,EU,4396000.0,8873000.0,41322000.0,0.0,0,0.57,10402000.0,2025-01-05
T094405,C017,R012,Quota,Specialty,APAC,2799000.0,0.0,0.0,0.29,1,0.56,6140000.0,2025-06-21
T084993,C006,R030,Quota,Casualty,LATAM,3345000.0,0.0,0.0,0.24,0,0.73,5664000.0,2025-03-21
T062123,C001,R008,Quota,Casualty,EU,5015000.0,0.0,0.0,0.11,1,0.68,15801000.0,2025-02-05
T065744,C001,R004,Quota,Property,US,2630000.0,0.0,0.0,0.21,0,0.54,4382000.0,2025-03-10
T040247,C005,R016,XoL,Specialty,US,6309000.0,25852000.0,76582000.0,0.0,1,0.73,13228000.0,2025-01-30
T016362,C001,R013,XoL,Specialty,EU,5883000.0,15569000.0,74320000.0,0.0,0,0.46,18685000.0,2025-03-17
T055939,C005,R017,XoL,Casualty,EU,4609000.0,20386000.0,57919000.0,0.0,1,0.82,7439000.0,2025-03-08
T028675,C008,R025,Quota,Property,EU,3746000.0,0.0,0.0,0.35,1,0.52,6293000.0,2025-03-13
T023958,C006,R003,Quota,Specialty,APAC,4231000.0,0.0,0.0,0.23,1,0.48,8713000.0,2025-05-23
T007859,C018,R030,XoL,Specialty,LATAM,3364000.0,10920000.0,46355000.0,0.0,1,0.29,5896000.0,2025-01-05
T094213,C013,R014,Quota,Casualty,LATAM,4224000.0,0.0,0.0,0.22,0,0.66,11605000.0,2025-04-05
T063352,C008,R023,XoL,Casualty,EU,2413000.0,10743000.0,48865000.0,0.0,1,0.78,7179000.0,2025-03-16
T050199,C009,R024,Quota,Property,US,5914000.0,0.0,0.0,0.13,0,0.84,14885000.0,2025-01-29
T055239,C013,R002,XoL,Casualty,LATAM,4412000.0,21643000.0,91625000.0,0.0,0,0.83,14713000.0,2025-03-30
T098341,C009,R018,Quota,Casualty,APAC,2671000.0,0.0,0.0,0.28,0,0.71,6430000.0,2025-06-28
T013706,C009,R012,Quota,Casualty,EU,667000.0,0.0,0.0,0.25,1,0.63,1366000.0,2025-05-09
T013580,C019,R030,XoL,Property,US,1872000.0,9332000.0,35113000.0,0.0,1,0.64,3658000.0,2025-06-28
T034571,C020,R003,XoL,Specialty,APAC,3198000.0,8112000.0,33000000.0,0.0,0,0.33,5593000.0,2025-01-25
T093622,C006,R016,Quota,Property,APAC,2776000.0,0.0,0.0,0.31,1,0.64,9506000.0,2025-06-22
T002105,C017,R026,Quota,Property,APAC,7256000.0,0.0,0.0,0.31,1,0.88,16858000.0,2025-01-02
T074361,C003,R027,Quota,Specialty,LATAM,3534000.0,0.0,0.0,0.32,1,0.76,5302000.0,2025-05-25
T085889,C008,R006,Quota,Casualty,EU,5343000.0,0.0,0.0,0.25,1,0.58,13696000.0,2025-03-04
T099907,C004,R027,Quota,Specialty,US,4629000.0,0.0,0.0,0.23,0,0.85,15025000.0,2025-01-29
T056430,C019,R007,XoL,Property,LATAM,1703000.0,7388000.0,22304000.0,0.0,1,1.16,3733000.0,2025-02-20
T086503,C001,R028,Quota,Property,LATAM,3667000.0,0.0,0.0,0.28,0,0.55,6214000.0,2025-04-27
T012470,C005,R007,Quota,Specialty,APAC,4506000.0,0.0,0.0,0.29,1,0.3,9669000.0,2025-02-07
T014779,C003,R014,Quota,Casualty,LATAM,3181000.0,0.0,0.0,0.2,1,0.88,6223000.0,2025-06-17
T027544,C017,R001,Quota,Specialty,EU,4640000.0,0.0,0.0,0.22,1,0.71,9796000.0,2025-06-18
T097977,C013,R017,Quota,Property,LATAM,4161000.0,0.0,0.0,0.34,0,0.59,8289000.0,2025-01-02
T046123,C001,R025,XoL,Casualty,APAC,3629000.0,9387000.0,44400000.0,0.0,1,0.61,11820000.0,2025-01-05
T049369,C018,R030,Quota,Specialty,EU,10889000.0,0.0,0.0,0.21,1,0.44,20953000.0,2025-02-10
T001333,C015,R005,Quota,Specialty,US,2815000.0,0.0,0.0,0.24,1,0.96,5637000.0,2025-04-10
T002361,C018,R028,XoL,Specialty,LATAM,3436000.0,8863000.0,39736000.0,0.0,1,0.59,6897000.0,2025-04-20
T082418,C016,R011,XoL,Property,US,1830000.0,8586000.0,26479000.0,0.0,1,0.62,5694000.0,2025-06-16
T045149,C009,R012,Quota,Specialty,EU,2130000.0,0.0,0.0,0.35,0,0.51,5735000.0,2025-03-14
T007842,C017,R023,XoL,Casualty,EU,3119000.0,7268000.0,25515000.0,0.0,0,0.74,7778000.0,2025-05-03
T086291,C008,R001,Quota,Property,US,5475000.0,0.0,0.0,0.15,0,0.62,9724000.0,2025-04-30
T036035,C010,R004,Quota,Property,US,5546000.0,0.0,0.0,0.38,0,1.0,11858000.0,2025-05-03
T018146,C002,R027,XoL,Property,US,1474000.0,7270000.0,24345000.0,0.0,0,0.58,4832000.0,2025-06-12
T070746,C010,R008,XoL,Property,LATAM,4070000.0,18994000.0,58782000.0,0.0,1,0.31,7357000.0,2025-04-11
T078804,C011,R002,XoL,Casualty,APAC,5271000.0,20343000.0,90990000.0,0.0,1,0.49,14892000.0,2025-05-29
T094236,C018,R009,XoL,Casualty,US,2097000.0,8822000.0,27251000.0,0.0,0,0.82,5057000.0,2025-01-10
T052491,C008,R017,Quota,Specialty,APAC,2122000.0,0.0,0.0,0.25,1,0.57,3595000.0,2025-04-07
T088895,C016,R010,XoL,Specialty,LATAM,3624000.0,17671000.0,51569000.0,0.0,1,1.02,10512000.0,2025-01-18
T059269,C017,R029,XoL,Casualty,APAC,3932000.0,18623000.0,68458000.0,0.0,1,0.68,13387000.0,2025-02-05
T019663,C019,R029,XoL,Casualty,LATAM,2162000.0,4803000.0,19849000.0,0.0,1,0.3,5309000.0,2025-06-28
T049826,C004,R001,XoL,Specialty,US,6073000.0,18616000.0,55984000.0,0.0,1,0.91,11982000.0,2025-02-04
T001323,C008,R020,Quota,Specialty,US,2514000.0,0.0,0.0,0.4,1,0.62,5910000.0,2025-02-09
T037624,C016,R001,Quota,Casualty,APAC,5716000.0,0.0,0.0,0.28,1,0.64,16837000.0,2025-05-29
T020087,C008,R011,Quota,Specialty,APAC,2184000.0,0.0,0.0,0.31,1,0.54,7505000.0,2025-01-01
T088366,C007,R007,XoL,Casualty,APAC,4318000.0,11737000.0,32892000.0,0.0,0,0.83,13408000.0,2025-01-03
T092896,C010,R001,Quota,Property,US,1550000.0,0.0,0.0,0.2,0,0.75,3725000.0,2025-04-03
T069588,C001,R030,XoL,Specialty,US,2177000.0,5082000.0,16636000.0,0.0,1,0.66,4841000.0,2025-01-15
T026587,C016,R026,XoL,Specialty,EU,3135000.0,10553000.0,33156000.0,0.0,0,0.74,7411000.0,2025-02-22
T039879,C006,R013,Quota,Casualty,APAC,2499000.0,0.0,0.0,0.15,0,0.48,5364000.0,2025-04-27
T075299,C020,R003,XoL,Casualty,APAC,1285000.0,4540000.0,22379000.0,0.0,1,0.61,2150000.0,2025-03-10
T053979,C013,R028,Quota,Specialty,US,1601000.0,0.0,0.0,0.1,0,0.65,3595000.0,2025-04-30
T049674,C005,R030,XoL,Property,LATAM,5060000.0,19756000.0,91284000.0,0.0,1,0.87,9903000.0,2025-03-28
T075962,C013,R008,Quota,Property,LATAM,2340000.0,0.0,0.0,0.26,1,0.8,6713000.0,2025-06-08
T025356,C014,R003,Quota,Specialty,US,1374000.0,0.0,0.0,0.16,1,0.66,3310000.0,2025-01-14
T027734,C007,R016,XoL,Specialty,APAC,1405000.0,6990000.0,31656000.0,0.0,1,0.63,3824000.0,2025-03-22
T018006,C015,R010,XoL,Property,APAC,4347000.0,15838000.0,53755000.0,0.0,1,0.74,10480000.0,2025-06-24
T022673,C015,R001,XoL,Property,APAC,9018000.0,19332000.0,39924000.0,0.0,1,0.71,16326000.0,2025-06-11
T050381,C015,R020,XoL,Casualty,APAC,2748000.0,12431000.0,59692000.0,0.0,1,0.39,5363000.0,2025-03-31
T059039,C019,R023,XoL,Casualty,EU,5523000.0,17254000.0,37688000.0,0.0,1,0.36,13290000.0,2025-05-19
T043445,C003,R019,XoL,Property,LATAM,1725000.0,7978000.0,23510000.0,0.0,0,0.28,4438000.0,2025-05-31
T002281,C014,R030,XoL,Casualty,US,4742000.0,10979000.0,25172000.0,0.0,0,0.75,15423000.0,2025-04-29
T077965,C019,R025,XoL,Casualty,LATAM,2495000.0,8632000.0,28923000.0,0.0,1,0.8,7154000.0,2025-04-19
T096126,C009,R003,Quota,Property,LATAM,2630000.0,0.0,0.0,0.29,1,0.59,6861000.0,2025-06-02
T077648,C004,R011,Quota,Property,APAC,3794000.0,0.0,0.0,0.11,0,0.67,11410000.0,2025-01-24
T031432,C020,R026,Quota,Casualty,US,1393000.0,0.0,0.0,0.32,0,0.95,3439000.0,2025-05-20
T031923,C015,R027,Quota,Casualty,US,4793000.0,0.0,0.0,0.27,1,0.36,8856000.0,2025-02-20
T015809,C019,R016,Quota,Property,APAC,5098000.0,0.0,0.0,0.12,1,0.67,15588000.0,2025-05-03
T085542,C002,R015,Quota,Casualty,APAC,4097000.0,0.0,0.0,0.1,1,0.49,6880000.0,2025-05-15
T015496,C008,R020,XoL,Casualty,US,1665000.0,6748000.0,29467000.0,0.0,1,0.77,3017000.0,2025-05-29
T077432,C014,R022,Quota,Property,EU,4795000.0,0.0,0.0,0.21,0,0.46,16486000.0,2025-06-25
T057937,C016,R017,Quota,Casualty,EU,3115000.0,0.0,0.0,0.13,1,0.37,8995000.0,2025-02-16
T018950,C018,R002,Quota,Specialty,APAC,2311000.0,0.0,0.0,0.28,1,0.96,5925000.0,2025-06-11
T022584,C002,R016,Quota,Property,US,4076000.0,0.0,0.0,0.32,1,0.99,11966000.0,2025-04-10
T006749,C009,R004,Quota,Casualty,LATAM,2955000.0,0.0,0.0,0.34,0,0.86,10131000.0,2025-01-31
T080574,C012,R014,Quota,Specialty,APAC,4805000.0,0.0,0.0,0.35,1,0.82,14757000.0,2025-01-22
T053071,C003,R025,Quota,Property,APAC,2845000.0,0.0,0.0,0.21,1,0.6,7821000.0,2025-06-06
T001403,C012,R003,Quota,Property,US,7175000.0,0.0,0.0,0.26,1,0.56,12107000.0,2025-04-24
T037782,C019,R015,Quota,Specialty,LATAM,3069000.0,0.0,0.0,0.17,0,0.34,9289000.0,2025-05-09
T064680,C005,R006,XoL,Property,EU,6847000.0,33103000.0,94181000.0,0.0,1,0.54,13470000.0,2025-04-10
T079961,C001,R019,XoL,Casualty,LATAM,8019000.0,23405000.0,105685000.0,0.0,0,0.73,16997000.0,2025-02-25
T023788,C019,R003,Quota,Specialty,LATAM,1337000.0,0.0,0.0,0.39,1,0.64,3950000.0,2025-04-05
T030419,C020,R005,Quota,Casualty,APAC,1214000.0,0.0,0.0,0.27,0,0.31,3616000.0,2025-02-02
T059035,C002,R003,XoL,Casualty,US,5726000.0,26003000.0,59500000.0,0.0,1,0.71,17344000.0,2025-04-14
T020331,C010,R020,Quota,Casualty,US,3674000.0,0.0,0.0,0.22,1,0.45,10155000.0,2025-04-26
T095653,C004,R018,Quota,Casualty,APAC,4146000.0,0.0,0.0,0.32,1,0.89,11900000.0,2025-05-03
T000884,C015,R014,XoL,Casualty,APAC,4071000.0,13645000.0,43219000.0,0.0,1,0.84,12182000.0,2025-01-20
T041516,C001,R024,Quota,Specialty,APAC,3680000.0,0.0,0.0,0.29,1,0.47,8384000.0,2025-06-27
T014039,C018,R017,Quota,Specialty,US,4111000.0,0.0,0.0,0.23,1,1.06,7866000.0,2025-03-08
T044970,C018,R019,Quota,Specialty,EU,1447000.0,0.0,0.0,0.23,0,0.78,3349000.0,2025-03-11
T032866,C008,R015,XoL,Specialty,LATAM,4700000.0,17747000.0,44123000.0,0.0,0,0.37,10277000.0,2025-01-31
T079369,C001,R023,Quota,Property,APAC,2126000.0,0.0,0.0,0.12,1,0.23,5558000.0,2025-02-08
T003254,C014,R005,XoL,Specialty,EU,8897000.0,22490000.0,60354000.0,0.0,1,0.79,27393000.0,2025-05-21
T002938,C014,R025,XoL,Casualty,US,4592000.0,20334000.0,64145000.0,0.0,1,0.4,7750000.0,2025-05-22
T036839,C002,R007,XoL,Property,EU,2286000.0,9151000.0,37202000.0,0.0,1,0.84,7864000.0,2025-05-11
T025040,C005,R019,XoL,Property,EU,1946000.0,8464000.0,22362000.0,0.0,0,1.07,4213000.0,2025-03-19
T023395,C007,R016,XoL,Property,LATAM,5412000.0,26036000.0,105978000.0,0.0,1,0.31,15402000.0,2025-05-22
T081993,C015,R005,Quota,Property,EU,3774000.0,0.0,0.0,0.2,1,0.87,10328000.0,2025-04-18
T056294,C013,R029,Quota,Property,APAC,1094000.0,0.0,0.0,0.36,0,0.41,1995000.0,2025-05-22
T001319,C016,R013,Quota,Property,EU,6834000.0,0.0,0.0,0.27,1,0.59,14085000.0,2025-03-04
T095285,C002,R009,Quota,Property,US,2323000.0,0.0,0.0,0.37,1,0.57,6192000.0,2025-04-06
T032593,C007,R008,XoL,Casualty,EU,3661000.0,7376000.0,36202000.0,0.0,1,0.2,12648000.0,2025-03-23
T086254,C003,R012,XoL,Property,APAC,4243000.0,18882000.0,40619000.0,0.0,1,0.71,12634000.0,2025-04-08
T079995,C009,R001,XoL,Specialty,EU,2788000.0,10601000.0,36242000.0,0.0,1,0.27,5550000.0,2025-03-22
T063781,C009,R012,Quota,Casualty,LATAM,3463000.0,0.0,0.0,0.39,1,0.5,5837000.0,2025-03-03
T037109,C002,R029,Quota,Property,EU,3191000.0,0.0,0.0,0.18,1,0.34,9665000.0,2025-02-20
T001350,C020,R022,Quota,Property,US,3248000.0,0.0,0.0,0.39,1,0.26,5761000.0,2025-04-06
T004791,C003,R017,XoL,Property,APAC,4881000.0,15007000.0,31903000.0,0.0,1,0.56,14393000.0,2025-02-04
T096595,C017,R013,Quota,Specialty,US,1501000.0,0.0,0.0,0.38,1,0.65,4387000.0,2025-01-23
T087445,C011,R029,Quota,Casualty,US,4162000.0,0.0,0.0,0.21,1,0.98,11218000.0,2025-05-23
T087608,C004,R001,XoL,Specialty,APAC,1754000.0,8113000.0,37554000.0,0.0,1,0.5,4273000.0,2025-05-29
T084334,C003,R023,XoL,Casualty,EU,2389000.0,5265000.0,22852000.0,0.0,1,0.63,6712000.0,2025-01-24
T058135,C013,R017,XoL,Specialty,LATAM,3828000.0,10025000.0,46405000.0,0.0,0,0.75,12779000.0,2025-05-02
T018635,C008,R023,Quota,Casualty,APAC,2443000.0,0.0,0.0,0.22,1,0.32,5196000.0,2025-04-14
T003394,C014,R030,Quota,Casualty,LATAM,1122000.0,0.0,0.0,0.19,1,0.53,3230000.0,2025-01-31
T072229,C003,R002,XoL,Casualty,APAC,2911000.0,10992000.0,51036000.0,0.0,1,0.65,10185000.0,2025-02-20
T037588,C008,R010,XoL,Specialty,LATAM,1990000.0,5256000.0,15899000.0,0.0,1,0.93,4623000.0,2025-04-23
T011447,C001,R018,Quota,Casualty,APAC,4809000.0,0.0,0.0,0.24,0,0.57,8369000.0,2025-01-31
T092169,C019,R013,Quota,Specialty,LATAM,6317000.0,0.0,0.0,0.34,1,0.66,9793000.0,2025-01-17
T033055,C002,R030,Quota,Casualty,LATAM,1726000.0,0.0,0.0,0.39,1,0.82,2706000.0,2025-01-25
T093269,C011,R009,Quota,Casualty,LATAM,2848000.0,0.0,0.0,0.18,1,0.34,7257000.0,2025-05-27
T059809,C013,R011,Quota,Specialty,EU,3386000.0,0.0,0.0,0.35,1,1.12,8172000.0,2025-02-04
T061578,C008,R003,Quota,Property,US,7351000.0,0.0,0.0,0.22,1,0.57,18667000.0,2025-06-21
T049661,C020,R002,Quota,Casualty,EU,3569000.0,0.0,0.0,0.3,1,0.63,6287000.0,2025-01-09
T011061,C013,R025,Quota,Property,APAC,2417000.0,0.0,0.0,0.15,1,0.53,7207000.0,2025-04-26
T001551,C019,R023,Quota,Casualty,LATAM,3413000.0,0.0,0.0,0.37,0,0.84,7096000.0,2025-01-29
T080751,C020,R029,XoL,Specialty,APAC,2444000.0,9165000.0,44486000.0,0.0,1,0.47,3983000.0,2025-04-02
T004511,C011,R027,XoL,Specialty,US,2258000.0,10537000.0,28357000.0,0.0,1,1.02,6911000.0,2025-02-22
T026439,C001,R019,XoL,Casualty,US,3221000.0,11576000.0,34464000.0,0.0,0,0.59,8826000.0,2025-04-21
T086709,C003,R016,Quota,Casualty,LATAM,5148000.0,0.0,0.0,0.23,1,0.7,10986000.0,2025-05-04
T083004,C007,R003,XoL,Specialty,LATAM,2054000.0,9897000.0,36962000.0,0.0,0,0.72,6285000.0,2025-02-17
T080167,C010,R005,Quota,Property,APAC,1875000.0,0.0,0.0,0.2,0,0.79,3051000.0,2025-05-29
T048079,C007,R021,XoL,Property,US,3328000.0,13094000.0,64925000.0,0.0,1,0.75,9627000.0,2025-02-21
T016302,C007,R006,Quota,Specialty,US,2059000.0,0.0,0.0,0.11,1,0.79,6742000.0,2025-02-15
T017495,C007,R022,Quota,Casualty,APAC,2998000.0,0.0,0.0,0.15,1,0.79,8839000.0,2025-01-10
T085699,C020,R008,Quota,Property,EU,2057000.0,0.0,0.0,0.11,0,0.76,7171000.0,2025-04-28
T061706,C007,R016,XoL,Specialty,US,1647000.0,7391000.0,22140000.0,0.0,0,0.82,3817000.0,2025-04-22
T049149,C019,R005,Quota,Casualty,LATAM,2369000.0,0.0,0.0,0.35,1,0.54,6272000.0,2025-06-05
T070173,C008,R006,XoL,Specialty,APAC,3491000.0,10300000.0,29933000.0,0.0,0,0.73,5660000.0,2025-05-10
T096223,C006,R006,XoL,Specialty,LATAM,1540000.0,6501000.0,29324000.0,0.0,0,0.53,2644000.0,2025-02-25
T052413,C011,R017,XoL,Specialty,LATAM,3121000.0,13133000.0,29643000.0,0.0,0,0.92,6907000.0,2025-04-20
T097494,C003,R017,Quota,Casualty,LATAM,4027000.0,0.0,0.0,0.3,1,1.09,12079000.0,2025-05-04
T009094,C020,R003,Quota,Specialty,US,1851000.0,0.0,0.0,0.26,0,0.59,6423000.0,2025-04-27
T006268,C001,R018,XoL,Specialty,LATAM,1294000.0,3978000.0,8939000.0,0.0,1,0.48,2049000.0,2025-02-03
T081824,C018,R001,Quota,Property,EU,7210000.0,0.0,0.0,0.27,1,0.84,23115000.0,2025-06-30
T040204,C016,R030,Quota,Specialty,EU,2525000.0,0.0,0.0,0.21,0,0.62,4465000.0,2025-03-01
T069326,C012,R015,Quota,Property,APAC,3560000.0,0.0,0.0,0.16,1,0.93,11607000.0,2025-05-14
T057863,C004,R008,XoL,Property,US,678000.0,2805000.0,6365000.0,0.0,1,0.68,2167000.0,2025-06-26
T052992,C009,R020,XoL,Casualty,APAC,3108000.0,15078000.0,70778000.0,0.0,1,0.39,7777000.0,2025-01-07
T089246,C015,R010,Quota,Casualty,APAC,2895000.0,0.0,0.0,0.34,1,0.48,5197000.0,2025-05-24
T026874,C005,R016,XoL,Casualty,LATAM,3239000.0,9380000.0,44775000.0,0.0,1,0.59,6686000.0,2025-01-10
T062597,C006,R012,XoL,Specialty,APAC,1829000.0,8429000.0,40211000.0,0.0,1,0.32,5867000.0,2025-05-20
T047746,C002,R030,XoL,Specialty,EU,2199000.0,6000000.0,29444000.0,0.0,0,0.65,4831000.0,2025-06-08
T040991,C014,R016,XoL,Casualty,LATAM,3554000.0,14278000.0,30287000.0,0.0,1,0.99,11193000.0,2025-05-31
T013929,C013,R024,XoL,Specialty,LATAM,1676000.0,6610000.0,26914000.0,0.0,1,0.62,4507000.0,2025-06-02
T094954,C020,R014,Quota,Casualty,US,5200000.0,0.0,0.0,0.19,1,0.85,13347000.0,2025-03-11
T018743,C006,R014,Quota,Casualty,APAC,3733000.0,0.0,0.0,0.18,0,0.47,6519000.0,2025-04-05
T001058,C002,R026,XoL,Property,EU,6178000.0,15404000.0,59991000.0,0.0,1,0.44,13481000.0,2025-02-24
T004338,C018,R007,Quota,Casualty,US,2403000.0,0.0,0.0,0.13,1,0.91,3620000.0,2025-04-22
T034171,C014,R019,Quota,Casualty,US,4467000.0,0.0,0.0,0.3,0,0.76,13153000.0,2025-03-08
T096506,C008,R025,XoL,Casualty,LATAM,3765000.0,15584000.0,43516000.0,0.0,0,0.65,10370000.0,2025-01-28
T002030,C001,R012,XoL,Specialty,APAC,2811000.0,6203000.0,27731000.0,0.0,1,0.76,6563000.0,2025-06-08
T001431,C008,R013,XoL,Casualty,LATAM,3954000.0,17204000.0,82816000.0,0.0,1,0.67,6499000.0,2025-02-21
T035084,C007,R029,XoL,Casualty,LATAM,4057000.0,10553000.0,34490000.0,0.0,0,0.96,12273000.0,2025-04-09
T033932,C013,R021,XoL,Casualty,LATAM,3904000.0,15468000.0,44311000.0,0.0,1,0.17,13443000.0,2025-05-05
T055376,C018,R002,XoL,Specialty,US,3786000.0,10755000.0,47257000.0,0.0,1,0.4,6584000.0,2025-06-06
T022825,C009,R007,Quota,Casualty,EU,2526000.0,0.0,0.0,0.33,1,0.33,6635000.0,2025-03-02
T073647,C001,R003,XoL,Casualty,EU,2449000.0,9526000.0,24648000.0,0.0,1,0.69,7379000.0,2025-04-10
T025270,C003,R030,Quota,Casualty,EU,4526000.0,0.0,0.0,0.13,1,0.76,15278000.0,2025-01-18
T064035,C019,R029,XoL,Specialty,EU,1503000.0,3967000.0,13801000.0,0.0,1,0.77,3171000.0,2025-02-25
T014806,C012,R030,Quota,Casualty,LATAM,3410000.0,0.0,0.0,0.38,1,0.35,7745000.0,2025-02-26
T060298,C007,R010,Quota,Casualty,LATAM,4377000.0,0.0,0.0,0.22,0,0.55,10504000.0,2025-05-10
T050079,C011,R019,Quota,Property,LATAM,4386000.0,0.0,0.0,0.23,0,0.76,15243000.0,2025-03-02
T031592,C017,R004,XoL,Specialty,LATAM,4410000.0,21955000.0,62334000.0,0.0,0,0.31,7070000.0,2025-03-28
T000586,C008,R021,Quota,Casualty,EU,4721000.0,0.0,0.0,0.34,1,0.64,8379000.0,2025-03-10
T036905,C011,R013,XoL,Casualty,LATAM,3843000.0,11243000.0,50769000.0,0.0,1,0.68,8224000.0,2025-02-12
T021333,C010,R001,Quota,Property,APAC,3588000.0,0.0,0.0,0.13,1,0.38,5411000.0,2025-01-27
T039457,C006,R028,XoL,Specialty,APAC,2152000.0,6564000.0,29098000.0,0.0,1,0.98,4725000.0,2025-02-08
T012534,C013,R027,XoL,Casualty,EU,3590000.0,11972000.0,39715000.0,0.0,1,0.45,11566000.0,2025-05-07
T040816,C006,R029,XoL,Specialty,LATAM,3062000.0,15154000.0,62875000.0,0.0,1,0.74,6593000.0,2025-05-09
T068317,C007,R017,XoL,Property,US,3311000.0,8189000.0,24006000.0,0.0,0,0.73,4988000.0,2025-06-02
T042918,C015,R010,XoL,Specialty,EU,5225000.0,19882000.0,69799000.0,0.0,1,0.74,11339000.0,2025-04-07
T005216,C019,R006,XoL,Specialty,EU,2895000.0,9459000.0,33381000.0,0.0,1,0.77,9363000.0,2025-02-27
T083013,C015,R003,Quota,Specialty,APAC,7336000.0,0.0,0.0,0.19,0,0.64,17581000.0,2025-05-09
T040200,C007,R015,XoL,Casualty,US,4792000.0,20454000.0,64325000.0,0.0,1,0.66,16209000.0,2025-03-19
T064274,C009,R020,Quota,Specialty,US,2718000.0,0.0,0.0,0.34,0,0.78,7398000.0,2025-05-14
T088544,C012,R020,XoL,Property,APAC,5759000.0,14469000.0,65390000.0,0.0,1,1.06,17522000.0,2025-03-23
T000834,C015,R009,XoL,Casualty,US,4358000.0,16482000.0,60327000.0,0.0,1,0.9,14015000.0,2025-01-16
T041273,C006,R004,XoL,Specialty,LATAM,3107000.0,12237000.0,34245000.0,0.0,1,0.35,8112000.0,2025-02-06
T079343,C004,R013,XoL,Casualty,EU,10837000.0,42414000.0,148562000.0,0.0,0,0.57,30113000.0,2025-03-21
T035016,C011,R007,Quota,Casualty,EU,1911000.0,0.0,0.0,0.35,1,0.98,4203000.0,2025-04-23
T066703,C009,R012,Quota,Property,LATAM,3637000.0,0.0,0.0,0.29,1,0.82,6133000.0,2025-02-03
T065644,C002,R014,Quota,Specialty,LATAM,3204000.0,0.0,0.0,0.26,0,0.39,9247000.0,2025-06-20
T018486,C012,R005,XoL,Casualty,US,3460000.0,10427000.0,32549000.0,0.0,0,0.43,6911000.0,2025-02-21
T033334,C007,R028,Quota,Casualty,LATAM,8424000.0,0.0,0.0,0.23,0,1.01,23297000.0,2025-01-02
T013552,C001,R030,Quota,Property,EU,11066000.0,0.0,0.0,0.21,1,0.65,34355000.0,2025-02-24
T095261,C001,R006,XoL,Casualty,US,3326000.0,10885000.0,41745000.0,0.0,0,0.55,8673000.0,2025-05-22
T017673,C020,R007,XoL,Property,EU,1939000.0,9513000.0,40577000.0,0.0,0,0.76,3875000.0,2025-03-18
T023146,C005,R028,XoL,Casualty,LATAM,3677000.0,14030000.0,47117000.0,0.0,0,0.44,8875000.0,2025-01-19
T061130,C005,R011,XoL,Property,LATAM,3584000.0,15667000.0,61013000.0,0.0,0,0.85,7953000.0,2025-02-14
T069841,C013,R026,Quota,Property,EU,4556000.0,0.0,0.0,0.36,1,0.64,14107000.0,2025-03-05
T096987,C012,R025,XoL,Property,APAC,2301000.0,5482000.0,24545000.0,0.0,0,0.78,4442000.0,2025-05-11
T035754,C014,R020,Quota,Specialty,APAC,2260000.0,0.0,0.0,0.23,0,0.39,4610000.0,2025-01-18
T033460,C008,R005,XoL,Casualty,LATAM,3609000.0,14428000.0,64399000.0,0.0,1,0.9,10528000.0,2025-02-12
T014269,C018,R023,XoL,Specialty,LATAM,2980000.0,7997000.0,16630000.0,0.0,1,0.74,9802000.0,2025-03-15
T022187,C004,R017,Quota,Property,LATAM,6703000.0,0.0,0.0,0.17,1,0.45,18500000.0,2025-04-05
T015023,C018,R002,XoL,Property,LATAM,3159000.0,6393000.0,30995000.0,0.0,0,0.86,5153000.0,2025-04-07
T011969,C009,R001,XoL,Property,EU,3601000.0,15528000.0,45527000.0,0.0,1,0.69,7024000.0,2025-02-11
T028566,C011,R030,Quota,Property,LATAM,4883000.0,0.0,0.0,0.4,1,0.6,14877000.0,2025-01-13
T025842,C011,R012,Quota,Specialty,APAC,4605000.0,0.0,0.0,0.22,1,0.81,10839000.0,2025-01-06
T000279,C020,R010,XoL,Casualty,APAC,4673000.0,17032000.0,54811000.0,0.0,1,0.47,15367000.0,2025-02-25
T076183,C006,R027,Quota,Property,APAC,2917000.0,0.0,0.0,0.33,1,0.61,8169000.0,2025-02-08
T006149,C018,R029,XoL,Property,US,6568000.0,16097000.0,40874000.0,0.0,1,0.93,15817000.0,2025-05-05
T061297,C006,R025,Quota,Specialty,US,5316000.0,0.0,0.0,0.23,1,1.02,12518000.0,2025-02-27
T077960,C008,R020,Quota,Property,EU,4726000.0,0.0,0.0,0.4,1,0.94,15096000.0,2025-05-16
T014150,C009,R005,XoL,Specialty,APAC,6132000.0,13313000.0,60834000.0,0.0,1,0.87,18963000.0,2025-01-12
T047140,C017,R027,XoL,Property,US,1622000.0,4087000.0,15110000.0,0.0,1,0.75,2846000.0,2025-04-07
T029518,C003,R019,XoL,Property,EU,3893000.0,9694000.0,39020000.0,0.0,0,0.84,8329000.0,2025-03-21
T010050,C016,R023,Quota,Casualty,APAC,4964000.0,0.0,0.0,0.34,0,0.8,14777000.0,2025-03-18
T053346,C017,R026,Quota,Casualty,LATAM,3518000.0,0.0,0.0,0.17,1,0.51,9133000.0,2025-03-01
T075310,C004,R002,XoL,Specialty,US,3082000.0,14754000.0,55494000.0,0.0,1,0.39,4636000.0,2025-05-15
T020613,C011,R022,Quota,Property,US,4126000.0,0.0,0.0,0.12,1,0.59,6930000.0,2025-05-01
T034287,C008,R024,XoL,Property,EU,1710000.0,8345000.0,38522000.0,0.0,0,0.96,4479000.0,2025-05-29
T059397,C018,R006,Quota,Property,US,2226000.0,0.0,0.0,0.3,1,1.16,7415000.0,2025-06-30
T038721,C017,R022,XoL,Casualty,LATAM,5054000.0,13931000.0,49284000.0,0.0,0,0.44,17347000.0,2025-06-11
T031121,C010,R003,XoL,Specialty,LATAM,5250000.0,26072000.0,52878000.0,0.0,0,0.68,14515000.0,2025-05-01
T046500,C010,R018,XoL,Property,US,2512000.0,12251000.0,61134000.0,0.0,1,0.76,6267000.0,2025-01-01
T031419,C003,R018,XoL,Casualty,US,3390000.0,8307000.0,21104000.0,0.0,0,0.77,10152000.0,2025-01-12
T001573,C001,R030,XoL,Specialty,EU,4299000.0,14672000.0,36142000.0,0.0,1,0.18,14065000.0,2025-03-20
T078057,C015,R017,Quota,Specialty,US,1148000.0,0.0,0.0,0.12,1,0.69,2566000.0,2025-03-02
T053084,C001,R028,Quota,Specialty,APAC,1924000.0,0.0,0.0,0.23,0,0.95,5573000.0,2025-01-11
T027806,C017,R020,XoL,Specialty,LATAM,2238000.0,8300000.0,40996000.0,0.0,0,1.03,5493000.0,2025-01-03
T096811,C014,R027,Quota,Property,US,5200000.0,0.0,0.0,0.17,1,0.6,17929000.0,2025-04-20
T097650,C015,R009,XoL,Specialty,US,2346000.0,6464000.0,17692000.0,0.0,0,0.41,7137000.0,2025-01-31
T015843,C006,R030,Quota,Specialty,EU,2691000.0,0.0,0.0,0.2,1,0.54,5697000.0,2025-04-13
T052853,C011,R006,XoL,Casualty,APAC,1622000.0,7650000.0,33199000.0,0.0,1,0.83,5409000.0,2025-02-03
T050138,C018,R009,XoL,Property,EU,2023000.0,9221000.0,29860000.0,0.0,1,0.79,6852000.0,2025-01-14
T027538,C006,R010,Quota,Specialty,LATAM,3207000.0,0.0,0.0,0.18,1,0.65,8837000.0,2025-06-28
T011856,C020,R017,XoL,Property,EU,3561000.0,9385000.0,40244000.0,0.0,1,0.68,8820000.0,2025-04-12
T041094,C003,R019,Quota,Property,LATAM,5866000.0,0.0,0.0,0.37,1,0.91,13757000.0,2025-05-06
T040942,C012,R006,XoL,Specialty,APAC,2638000.0,6533000.0,24664000.0,0.0,1,0.8,6687000.0,2025-05-24
T078213,C010,R009,XoL,Property,US,3942000.0,18031000.0,57217000.0,0.0,1,0.83,9511000.0,2025-06-02
T070852,C016,R014,Quota,Casualty,EU,860000.0,0.0,0.0,0.39,0,0.85,2809000.0,2025-04-06
T085907,C016,R024,Quota,Casualty,LATAM,3550000.0,0.0,0.0,0.22,0,0.46,11818000.0,2025-01-30
T070227,C001,R010,Quota,Specialty,EU,3474000.0,0.0,0.0,0.36,1,1.11,9966000.0,2025-01-10
T017248,C006,R017,XoL,Property,EU,1443000.0,3103000.0,11710000.0,0.0,1,0.74,3440000.0,2025-02-04
T091331,C020,R025,XoL,Specialty,EU,3557000.0,15225000.0,41480000.0,0.0,1,1.05,7013000.0,2025-01-31
T074412,C013,R030,XoL,Property,APAC,5106000.0,10355000.0,41782000.0,0.0,1,0.75,13052000.0,2025-01-22
T013736,C004,R027,Quota,Specialty,LATAM,2131000.0,0.0,0.0,0.28,1,0.71,5606000.0,2025-04-18
T075534,C008,R027,XoL,Casualty,US,3326000.0,12990000.0,32598000.0,0.0,1,0.73,5433000.0,2025-06-05
T019779,C009,R027,XoL,Casualty,LATAM,2035000.0,9011000.0,42742000.0,0.0,0,0.32,4721000.0,2025-06-11
T008094,C012,R028,Quota,Specialty,US,4711000.0,0.0,0.0,0.11,1,0.75,12707000.0,2025-04-28
T092534,C016,R021,Quota,Property,EU,1868000.0,0.0,0.0,0.23,1,0.76,3720000.0,2025-02-19
T082193,C015,R002,Quota,Property,APAC,3555000.0,0.0,0.0,0.25,1,0.68,9721000.0,2025-01-11
T067484,C013,R030,Quota,Casualty,APAC,4750000.0,0.0,0.0,0.36,1,0.75,12542000.0,2025-01-21
T046678,C010,R006,XoL,Property,APAC,3960000.0,16282000.0,78265000.0,0.0,1,1.08,11666000.0,2025-03-19
T074258,C007,R026,Quota,Casualty,EU,4991000.0,0.0,0.0,0.21,1,0.57,9003000.0,2025-05-03
T054569,C007,R014,XoL,Property,US,3919000.0,14099000.0,55729000.0,0.0,1,0.59,6204000.0,2025-04-18
T061461,C012,R001,XoL,Specialty,APAC,6767000.0,18029000.0,37339000.0,0.0,1,0.94,22741000.0,2025-02-23
T031022,C009,R030,Quota,Specialty,LATAM,6335000.0,0.0,0.0,0.11,1,1.06,11706000.0,2025-04-17
T002130,C004,R001,XoL,Specialty,EU,2633000.0,12426000.0,61999000.0,0.0,1,0.61,4964000.0,2025-04-14
T095185,C013,R006,Quota,Property,EU,2410000.0,0.0,0.0,0.22,1,0.66,4831000.0,2025-06-27
T011864,C018,R001,XoL,Casualty,EU,1498000.0,4328000.0,11057000.0,0.0,1,0.62,2454000.0,2025-06-14
T055043,C001,R008,Quota,Property,US,9185000.0,0.0,0.0,0.14,1,0.64,20154000.0,2025-04-19
T014425,C004,R021,Quota,Casualty,APAC,1794000.0,0.0,0.0,0.19,1,0.8,3324000.0,2025-05-21
T052151,C008,R013,Quota,Property,US,4508000.0,0.0,0.0,0.26,1,0.59,11969000.0,2025-03-20
T009162,C012,R025,Quota,Specialty,APAC,3172000.0,0.0,0.0,0.12,1,0.56,7706000.0,2025-04-04
T042666,C009,R010,Quota,Property,APAC,6509000.0,0.0,0.0,0.31,1,0.55,17843000.0,2025-01-19
T007316,C009,R016,XoL,Specialty,EU,3599000.0,15660000.0,32547000.0,0.0,1,0.92,10730000.0,2025-03-30
T002181,C001,R019,Quota,Specialty,LATAM,4205000.0,0.0,0.0,0.34,0,0.74,6641000.0,2025-04-15
T067359,C009,R014,XoL,Casualty,US,3131000.0,7749000.0,27628000.0,0.0,1,0.77,7960000.0,2025-01-22
T009601,C013,R014,Quota,Property,LATAM,2540000.0,0.0,0.0,0.14,1,0.57,4666000.0,2025-04-18
T035737,C007,R028,Quota,Specialty,APAC,3557000.0,0.0,0.0,0.25,0,0.69,5823000.0,2025-05-06
T030465,C011,R023,Quota,Property,US,5686000.0,0.0,0.0,0.35,1,1.03,17793000.0,2025-04-02
T010572,C003,R005,Quota,Casualty,APAC,3579000.0,0.0,0.0,0.2,1,0.18,9844000.0,2025-04-13
T085767,C009,R029,XoL,Property,LATAM,7983000.0,17245000.0,42058000.0,0.0,0,0.67,16745000.0,2025-02-22
T006176,C009,R003,XoL,Property,APAC,3600000.0,15821000.0,41403000.0,0.0,1,0.68,7818000.0,2025-04-25
T031197,C008,R004,Quota,Specialty,US,4117000.0,0.0,0.0,0.11,0,0.64,6213000.0,2025-01-24
T077458,C001,R015,Quota,Specialty,EU,4050000.0,0.0,0.0,0.29,1,0.72,7991000.0,2025-01-19
T001222,C001,R024,Quota,Property,LATAM,4720000.0,0.0,0.0,0.26,1,0.89,16127000.0,2025-04-27
T074449,C010,R026,Quota,Property,EU,5416000.0,0.0,0.0,0.22,1,0.38,16754000.0,2025-01-17
T037038,C016,R002,XoL,Property,APAC,4376000.0,21190000.0,97180000.0,0.0,1,0.87,6817000.0,2025-05-30
T016291,C019,R025,Quota,Property,APAC,6739000.0,0.0,0.0,0.29,1,0.67,11078000.0,2025-02-26
T025453,C012,R028,XoL,Specialty,APAC,2333000.0,4817000.0,20932000.0,0.0,1,0.46,7193000.0,2025-02-15
T033563,C019,R010,Quota,Casualty,LATAM,2121000.0,0.0,0.0,0.31,1,0.63,4436000.0,2025-06-10
T000656,C017,R024,Quota,Property,LATAM,3592000.0,0.0,0.0,0.16,1,0.83,10514000.0,2025-01-25
T043384,C006,R014,Quota,Casualty,LATAM,4730000.0,0.0,0.0,0.31,1,0.55,9464000.0,2025-04-29
T064833,C008,R026,XoL,Property,APAC,4484000.0,15291000.0,44425000.0,0.0,1,0.69,7324000.0,2025-04-05
T037692,C008,R017,XoL,Property,APAC,1871000.0,3868000.0,15888000.0,0.0,1,0.88,4829000.0,2025-02-08
T050195,C008,R001,Quota,Specialty,EU,4006000.0,0.0,0.0,0.35,1,0.44,12697000.0,2025-03-18
T064798,C007,R009,XoL,Specialty,APAC,6847000.0,27108000.0,67153000.0,0.0,0,0.48,18066000.0,2025-06-22
T034273,C018,R026,XoL,Casualty,APAC,6140000.0,29503000.0,74687000.0,0.0,0,0.34,18922000.0,2025-03-10
T004051,C003,R007,XoL,Property,EU,3129000.0,8349000.0,26099000.0,0.0,1,0.7,6317000.0,2025-02-03
T087072,C008,R024,XoL,Property,EU,2036000.0,6025000.0,30026000.0,0.0,1,0.89,6240000.0,2025-02-11
T081773,C005,R014,XoL,Casualty,APAC,2301000.0,6857000.0,28422000.0,0.0,0,0.62,3917000.0,2025-03-31
T070997,C003,R001,XoL,Specialty,US,6743000.0,29927000.0,127178000.0,0.0,0,0.58,14645000.0,2025-05-06
T004368,C008,R004,XoL,Casualty,EU,5991000.0,14899000.0,54509000.0,0.0,1,0.62,13878000.0,2025-05-24
T056346,C006,R013,Quota,Casualty,APAC,1870000.0,0.0,0.0,0.16,1,0.73,6156000.0,2025-02-06
T045918,C004,R029,XoL,Casualty,EU,3361000.0,7172000.0,34721000.0,0.0,1,0.5,6617000.0,2025-04-12
T046369,C015,R002,XoL,Casualty,APAC,6127000.0,16777000.0,74090000.0,0.0,0,0.09,9370000.0,2025-05-08
T090890,C020,R017,Quota,Casualty,EU,2014000.0,0.0,0.0,0.3,1,0.55,3804000.0,2025-05-07
T005074,C017,R007,XoL,Casualty,US,1364000.0,5730000.0,23738000.0,0.0,1,0.72,2621000.0,2025-02-14
T035991,C011,R020,Quota,Specialty,APAC,2723000.0,0.0,0.0,0.35,1,0.37,9507000.0,2025-03-17
T010502,C010,R006,XoL,Property,US,1715000.0,6767000.0,27524000.0,0.0,1,0.7,2618000.0,2025-02-06
T055930,C014,R028,Quota,Casualty,LATAM,5588000.0,0.0,0.0,0.29,1,0.56,13765000.0,2025-02-02
T011015,C011,R027,XoL,Casualty,EU,2097000.0,5960000.0,14881000.0,0.0,0,0.7,6086000.0,2025-03-28
T080128,C003,R024,XoL,Specialty,APAC,5322000.0,24160000.0,100956000.0,0.0,1,0.6,10113000.0,2025-03-12
T040039,C018,R004,Quota,Property,LATAM,2052000.0,0.0,0.0,0.36,1,0.51,7049000.0,2025-02-15
T069576,C008,R025,XoL,Casualty,APAC,5956000.0,21209000.0,87100000.0,0.0,1,0.37,16124000.0,2025-05-05
T008787,C016,R022,Quota,Specialty,EU,2590000.0,0.0,0.0,0.16,1,0.73,4933000.0,2025-01-29
T060719,C005,R024,Quota,Property,EU,3259000.0,0.0,0.0,0.16,1,0.54,7508000.0,2025-01-19
T055432,C016,R026,XoL,Casualty,APAC,6062000.0,18634000.0,73181000.0,0.0,0,0.56,15172000.0,2025-05-05
T095341,C017,R030,Quota,Property,US,3555000.0,0.0,0.0,0.11,0,0.38,8026000.0,2025-03-26
T019213,C014,R018,Quota,Casualty,LATAM,3359000.0,0.0,0.0,0.22,1,0.82,10375000.0,2025-02-02
T094482,C009,R001,Quota,Specialty,LATAM,1466000.0,0.0,0.0,0.16,1,0.59,3676000.0,2025-01-31
T041047,C007,R006,Quota,Casualty,EU,2477000.0,0.0,0.0,0.34,1,0.52,5037000.0,2025-02-24
T003790,C010,R017,XoL,Specialty,LATAM,2266000.0,9370000.0,41259000.0,0.0,1,0.85,5327000.0,2025-04-23
T090092,C017,R006,XoL,Property,EU,5330000.0,15869000.0,41064000.0,0.0,0,0.73,13910000.0,2025-01-27
T058117,C003,R014,XoL,Casualty,LATAM,3625000.0,16996000.0,63822000.0,0.0,0,0.92,5452000.0,2025-05-29
T022507,C007,R013,XoL,Casualty,LATAM,4427000.0,16430000.0,58589000.0,0.0,0,0.25,8262000.0,2025-02-03
T017920,C016,R007,Quota,Property,EU,4062000.0,0.0,0.0,0.34,1,0.39,7832000.0,2025-05-26
T096635,C003,R015,XoL,Casualty,EU,3901000.0,16555000.0,54925000.0,0.0,1,0.54,11931000.0,2025-05-29
T008570,C004,R025,Quota,Specialty,APAC,2038000.0,0.0,0.0,0.16,0,0.65,6884000.0,2025-02-02
T088174,C009,R005,XoL,Specialty,APAC,1606000.0,7289000.0,17731000.0,0.0,1,0.59,2720000.0,2025-02-02
T045795,C014,R030,Quota,Casualty,APAC,1356000.0,0.0,0.0,0.38,0,0.64,3338000.0,2025-05-18
T073839,C003,R018,XoL,Property,APAC,3541000.0,10191000.0,46093000.0,0.0,0,0.61,6747000.0,2025-04-08
T015461,C015,R017,XoL,Property,US,3935000.0,19217000.0,60352000.0,0.0,0,0.71,8924000.0,2025-02-07
T008312,C020,R028,XoL,Specialty,EU,5139000.0,22654000.0,89057000.0,0.0,0,0.22,11348000.0,2025-02-10
T064112,C002,R029,XoL,Specialty,US,1232000.0,5109000.0,25106000.0,0.0,1,0.52,2714000.0,2025-03-14
T009661,C011,R011,Quota,Specialty,EU,2622000.0,0.0,0.0,0.17,1,0.7,5376000.0,2025-05-04
T000857,C005,R018,XoL,Property,EU,1557000.0,6235000.0,26304000.0,0.0,1,0.88,3812000.0,2025-05-18
T057420,C010,R024,XoL,Casualty,LATAM,3216000.0,7669000.0,19505000.0,0.0,0,0.69,6887000.0,2025-01-24
T040012,C004,R018,XoL,Property,LATAM,7209000.0,26038000.0,71782000.0,0.0,1,0.65,16135000.0,2025-02-28
T021178,C017,R028,XoL,Property,US,2389000.0,7420000.0,30798000.0,0.0,1,1.04,6443000.0,2025-06-29
T085575,C007,R019,XoL,Specialty,LATAM,2521000.0,12170000.0,53896000.0,0.0,1,0.61,3785000.0,2025-03-29
T022154,C010,R002,XoL,Specialty,EU,3669000.0,7403000.0,18962000.0,0.0,0,0.49,10385000.0,2025-01-01
T066030,C005,R010,Quota,Specialty,EU,1583000.0,0.0,0.0,0.11,1,0.49,5404000.0,2025-06-05
T011469,C002,R024,XoL,Casualty,LATAM,6640000.0,31944000.0,117416000.0,0.0,1,0.75,18923000.0,2025-05-02
T065982,C009,R010,XoL,Casualty,APAC,3266000.0,10767000.0,40650000.0,0.0,1,0.78,8692000.0,2025-02-13
T037238,C015,R001,Quota,Casualty,APAC,2272000.0,0.0,0.0,0.34,1,0.56,5233000.0,2025-03-27
T072376,C006,R030,Quota,Property,US,4459000.0,0.0,0.0,0.28,1,1.13,11436000.0,2025-01-30
T083143,C015,R014,XoL,Casualty,APAC,2289000.0,8720000.0,35201000.0,0.0,0,0.54,7743000.0,2025-04-08
T020283,C019,R024,Quota,Property,APAC,2084000.0,0.0,0.0,0.27,1,0.27,4549000.0,2025-04-19
T012388,C009,R016,XoL,Casualty,LATAM,7015000.0,18592000.0,38866000.0,0.0,1,0.77,18864000.0,2025-06-18
T029870,C015,R026,XoL,Casualty,EU,3165000.0,12030000.0,26399000.0,0.0,1,0.69,9180000.0,2025-05-26
T078789,C005,R026,Quota,Property,EU,4795000.0,0.0,0.0,0.2,1,0.74,16728000.0,2025-03-03
T069418,C018,R007,Quota,Property,LATAM,4846000.0,0.0,0.0,0.33,1,0.77,10835000.0,2025-02-04
T010900,C015,R010,XoL,Specialty,US,3447000.0,12028000.0,50587000.0,0.0,0,0.73,7598000.0,2025-01-02
T022740,C017,R019,Quota,Specialty,EU,2680000.0,0.0,0.0,0.27,0,0.31,5836000.0,2025-03-04
T001415,C012,R022,XoL,Casualty,US,4719000.0,15089000.0,52292000.0,0.0,1,0.57,12193000.0,2025-04-05
T030953,C011,R013,XoL,Property,US,4073000.0,10538000.0,21543000.0,0.0,1,0.36,6963000.0,2025-06-22
T056835,C014,R019,Quota,Specialty,US,2557000.0,0.0,0.0,0.1,1,0.61,5931000.0,2025-05-06
T038936,C012,R027,XoL,Property,US,3852000.0,18934000.0,85717000.0,0.0,1,0.51,10545000.0,2025-01-16
T032201,C004,R019,XoL,Property,LATAM,2534000.0,7496000.0,30039000.0,0.0,1,0.87,5753000.0,2025-05-14
T068845,C016,R021,Quota,Property,APAC,3497000.0,0.0,0.0,0.24,1,0.75,8734000.0,2025-01-16
T045692,C006,R006,XoL,Casualty,EU,3875000.0,8917000.0,32260000.0,0.0,1,0.69,8880000.0,2025-03-25
T072020,C010,R010,Quota,Specialty,US,4253000.0,0.0,0.0,0.16,1,0.73,13920000.0,2025-03-20
T080648,C014,R024,Quota,Specialty,US,2776000.0,0.0,0.0,0.38,0,0.49,8510000.0,2025-06-18
T020428,C018,R027,Quota,Casualty,US,1585000.0,0.0,0.0,0.17,1,0.62,3861000.0,2025-04-29
T011896,C010,R014,Quota,Specialty,APAC,4884000.0,0.0,0.0,0.34,1,0.41,8974000.0,2025-02-05
T004625,C015,R008,XoL,Specialty,EU,6101000.0,17936000.0,37433000.0,0.0,1,0.61,13908000.0,2025-04-01
T029506,C008,R010,XoL,Property,LATAM,11294000.0,51369000.0,182880000.0,0.0,1,1.08,18600000.0,2025-02-27
T012561,C005,R006,Quota,Casualty,LATAM,9947000.0,0.0,0.0,0.14,1,0.95,24209000.0,2025-01-08
T038943,C009,R009,XoL,Property,LATAM,2346000.0,8753000.0,41312000.0,0.0,1,0.85,4037000.0,2025-06-04
T069606,C015,R005,XoL,Specialty,EU,2264000.0,6695000.0,23731000.0,0.0,1,0.82,4341000.0,2025-06-07
T000574,C008,R027,Quota,Casualty,APAC,2593000.0,0.0,0.0,0.34,0,0.64,7994000.0,2025-02-14
T084866,C005,R020,XoL,Specialty,LATAM,8658000.0,34089000.0,156354000.0,0.0,0,0.51,24369000.0,2025-06-25
T051744,C004,R021,Quota,Specialty,LATAM,4491000.0,0.0,0.0,0.29,1,0.52,14277000.0,2025-05-25
T074337,C013,R030,XoL,Specialty,EU,2358000.0,11455000.0,32747000.0,0.0,0,0.91,6112000.0,2025-06-13
T086885,C004,R009,XoL,Specialty,LATAM,3660000.0,16667000.0,39008000.0,0.0,1,0.6,10115000.0,2025-05-19
T036239,C011,R025,XoL,Specialty,LATAM,1871000.0,7472000.0,20047000.0,0.0,1,0.78,5169000.0,2025-05-21
T050283,C015,R017,XoL,Property,APAC,2019000.0,9652000.0,48258000.0,0.0,1,0.64,6216000.0,2025-02-28
T007749,C014,R022,Quota,Specialty,LATAM,3823000.0,0.0,0.0,0.21,1,0.64,12999000.0,2025-05-23
T045120,C018,R006,XoL,Specialty,EU,6465000.0,31573000.0,117598000.0,0.0,0,0.37,10306000.0,2025-05-19
T099912,C006,R014,Quota,Specialty,LATAM,2272000.0,0.0,0.0,0.34,1,0.82,5723000.0,2025-03-30
T073382,C017,R020,Quota,Casualty,APAC,2393000.0,0.0,0.0,0.27,1,0.5,5995000.0,2025-01-07
T060894,C019,R014,XoL,Casualty,EU,2242000.0,5452000.0,17422000.0,0.0,1,0.36,3795000.0,2025-04-11
T076179,C005,R027,XoL,Property,APAC,1565000.0,4448000.0,16495000.0,0.0,1,0.62,4006000.0,2025-05-17
T079844,C016,R006,XoL,Property,LATAM,3502000.0,7309000.0,16349000.0,0.0,1,0.82,9682000.0,2025-06-23
T086324,C008,R024,XoL,Property,APAC,5312000.0,17685000.0,40109000.0,0.0,0,0.46,10944000.0,2025-02-13
T098518,C019,R006,Quota,Specialty,APAC,1454000.0,0.0,0.0,0.18,1,0.65,2451000.0,2025-03-04
T076930,C020,R009,Quota,Casualty,US,4474000.0,0.0,0.0,0.19,1,0.39,10946000.0,2025-05-31
T017962,C001,R022,XoL,Property,EU,3125000.0,7837000.0,31028000.0,0.0,1,0.85,9997000.0,2025-01-03
T064846,C012,R016,Quota,Casualty,EU,2827000.0,0.0,0.0,0.37,1,0.66,7356000.0,2025-02-04
T028287,C017,R011,XoL,Casualty,US,4909000.0,10329000.0,39502000.0,0.0,1,0.65,13985000.0,2025-01-17
T016731,C004,R024,Quota,Property,US,3119000.0,0.0,0.0,0.27,1,0.35,9422000.0,2025-01-19
T067703,C006,R028,XoL,Casualty,LATAM,4738000.0,19201000.0,76204000.0,0.0,0,0.87,11881000.0,2025-04-02
T081582,C009,R024,Quota,Property,LATAM,2292000.0,0.0,0.0,0.39,1,0.55,7415000.0,2025-04-13
T002743,C005,R002,XoL,Property,EU,3606000.0,8363000.0,24790000.0,0.0,1,1.04,6125000.0,2025-01-29
T091840,C012,R009,Quota,Specialty,EU,4042000.0,0.0,0.0,0.28,1,0.35,12191000.0,2025-01-22
T051277,C017,R008,XoL,Property,APAC,3765000.0,9862000.0,27003000.0,0.0,1,0.31,7272000.0,2025-01-23
T010818,C019,R006,XoL,Casualty,LATAM,3430000.0,11726000.0,35696000.0,0.0,1,0.78,5416000.0,2025-01-23
T013414,C018,R023,Quota,Specialty,LATAM,2522000.0,0.0,0.0,0.37,1,0.55,7853000.0,2025-03-12
T004646,C003,R024,Quota,Property,US,3221000.0,0.0,0.0,0.19,1,0.4,8078000.0,2025-01-08
T024831,C020,R017,Quota,Property,US,1069000.0,0.0,0.0,0.18,1,0.94,1622000.0,2025-02-22
T051478,C005,R006,Quota,Property,US,2399000.0,0.0,0.0,0.31,1,0.38,4777000.0,2025-03-06
T060477,C002,R014,XoL,Property,LATAM,4459000.0,8945000.0,19706000.0,0.0,0,0.4,11412000.0,2025-02-11
T009888,C018,R019,Quota,Property,US,4106000.0,0.0,0.0,0.14,1,0.49,12964000.0,2025-04-08
T077007,C014,R029,XoL,Specialty,LATAM,3779000.0,8941000.0,25258000.0,0.0,1,0.85,8396000.0,2025-03-30
T080596,C015,R007,Quota,Casualty,APAC,3182000.0,0.0,0.0,0.39,1,0.44,8884000.0,2025-03-13
T072762,C016,R021,Quota,Specialty,US,3079000.0,0.0,0.0,0.31,1,0.67,8354000.0,2025-04-27
T097107,C009,R005,XoL,Property,US,1557000.0,5062000.0,21326000.0,0.0,1,0.73,2535000.0,2025-06-04
T053570,C003,R002,XoL,Specialty,US,3148000.0,14889000.0,72702000.0,0.0,1,0.87,6450000.0,2025-05-25
T015627,C008,R017,XoL,Property,LATAM,5361000.0,21387000.0,79539000.0,0.0,1,0.69,9069000.0,2025-04-20
T098423,C012,R025,XoL,Specialty,US,6900000.0,25225000.0,85338000.0,0.0,1,0.51,12654000.0,2025-06-26
T038862,C015,R007,XoL,Casualty,LATAM,3919000.0,9353000.0,31932000.0,0.0,0,0.82,12690000.0,2025-04-28
T024548,C014,R011,XoL,Casualty,APAC,2906000.0,10405000.0,49178000.0,0.0,1,0.85,8378000.0,2025-02-02
T078204,C006,R029,XoL,Specialty,APAC,2767000.0,11280000.0,31030000.0,0.0,0,0.89,7224000.0,2025-06-29
T044525,C019,R002,XoL,Specialty,APAC,1891000.0,7662000.0,35234000.0,0.0,1,0.44,4323000.0,2025-01-18
T000929,C014,R018,Quota,Property,US,4479000.0,0.0,0.0,0.24,1,0.52,15575000.0,2025-06-03
T030573,C008,R008,XoL,Property,LATAM,2548000.0,12330000.0,41989000.0,0.0,1,0.24,7384000.0,2025-02-05
T002175,C001,R004,XoL,Property,EU,5883000.0,11976000.0,44042000.0,0.0,0,0.61,12459000.0,2025-04-17
T063408,C020,R025,Quota,Property,EU,6345000.0,0.0,0.0,0.28,1,0.49,20235000.0,2025-02-26
T015467,C013,R003,Quota,Specialty,EU,7536000.0,0.0,0.0,0.2,1,0.56,25008000.0,2025-05-29
T021288,C013,R023,XoL,Casualty,LATAM,2417000.0,5502000.0,24496000.0,0.0,0,0.79,8316000.0,2025-06-22
T068792,C020,R003,XoL,Property,LATAM,2556000.0,12547000.0,56353000.0,0.0,0,0.6,8856000.0,2025-06-16
T064131,C012,R013,Quota,Casualty,US,2725000.0,0.0,0.0,0.29,1,0.64,8080000.0,2025-04-11
T042631,C005,R011,XoL,Specialty,US,9588000.0,29090000.0,109095000.0,0.0,1,0.54,25313000.0,2025-06-03
T048460,C003,R006,Quota,Casualty,EU,5084000.0,0.0,0.0,0.11,0,0.65,11927000.0,2025-03-13
T008286,C011,R002,XoL,Property,APAC,1879000.0,4646000.0,19924000.0,0.0,1,0.28,3169000.0,2025-03-23
T056545,C019,R017,Quota,Property,US,3419000.0,0.0,0.0,0.38,1,0.66,6973000.0,2025-02-01
T036138,C018,R005,Quota,Property,US,3784000.0,0.0,0.0,0.35,1,0.58,12417000.0,2025-05-16
T073918,C014,R003,XoL,Property,EU,3511000.0,12112000.0,27990000.0,0.0,1,0.99,8825000.0,2025-01-07
T056098,C006,R020,Quota,Casualty,EU,2093000.0,0.0,0.0,0.38,1,0.54,4750000.0,2025-02-14
T025637,C018,R027,Quota,Casualty,APAC,3833000.0,0.0,0.0,0.32,1,0.56,10195000.0,2025-02-04
T059976,C001,R015,Quota,Property,EU,4938000.0,0.0,0.0,0.34,0,0.35,13469000.0,2025-04-25
T063100,C012,R027,Quota,Casualty,US,7571000.0,0.0,0.0,0.2,1,0.82,12320000.0,2025-01-03
T056513,C001,R010,XoL,Specialty,APAC,4295000.0,20352000.0,47961000.0,0.0,1,0.46,14437000.0,2025-05-14
T068414,C004,R003,Quota,Specialty,EU,2247000.0,0.0,0.0,0.17,1,0.53,6594000.0,2025-06-27
T024264,C020,R012,XoL,Specialty,LATAM,1529000.0,3646000.0,13658000.0,0.0,1,0.59,2512000.0,2025-05-02
T060420,C002,R006,Quota,Casualty,US,1612000.0,0.0,0.0,0.28,0,0.76,3821000.0,2025-01-05
T053043,C010,R011,Quota,Casualty,EU,876000.0,0.0,0.0,0.13,0,0.39,2186000.0,2025-03-29
T092131,C006,R017,XoL,Casualty,APAC,3825000.0,11060000.0,44911000.0,0.0,1,0.94,6605000.0,2025-04-19
T062661,C016,R023,XoL,Casualty,EU,3062000.0,12120000.0,27225000.0,0.0,1,0.64,8010000.0,2025-05-21
T024014,C004,R006,XoL,Specialty,APAC,2041000.0,7961000.0,16694000.0,0.0,1,0.51,6860000.0,2025-03-11
T012043,C019,R021,Quota,Property,US,1725000.0,0.0,0.0,0.22,0,0.98,3149000.0,2025-01-28
T049784,C020,R013,Quota,Specialty,US,3116000.0,0.0,0.0,0.14,0,0.44,8940000.0,2025-03-10
T076815,C013,R012,Quota,Specialty,LATAM,3292000.0,0.0,0.0,0.27,1,0.88,9157000.0,2025-02-13
T015395,C014,R025,Quota,Property,LATAM,3451000.0,0.0,0.0,0.11,1,0.43,11859000.0,2025-05-11
T073797,C001,R021,Quota,Property,LATAM,1294000.0,0.0,0.0,0.4,0,0.48,4440000.0,2025-05-04
T050179,C013,R011,Quota,Casualty,US,5993000.0,0.0,0.0,0.21,0,0.56,12593000.0,2025-04-06
T094485,C020,R007,XoL,Casualty,APAC,2382000.0,10531000.0,49528000.0,0.0,0,0.6,7656000.0,2025-06-13
T000115,C008,R006,Quota,Specialty,APAC,6699000.0,0.0,0.0,0.2,0,0.86,15044000.0,2025-03-01
T060900,C007,R005,XoL,Property,US,10184000.0,30591000.0,77727000.0,0.0,1,0.94,32106000.0,2025-06-14
T059781,C015,R027,XoL,Specialty,APAC,1749000.0,6592000.0,30561000.0,0.0,1,1.02,4229000.0,2025-01-05
T062200,C011,R003,XoL,Casualty,LATAM,5743000.0,18344000.0,64239000.0,0.0,1,0.72,10514000.0,2025-01-08
T076634,C016,R026,XoL,Specialty,APAC,3586000.0,12388000.0,53452000.0,0.0,1,0.65,11797000.0,2025-06-24
T037379,C009,R001,Quota,Property,LATAM,1691000.0,0.0,0.0,0.23,1,0.93,5399000.0,2025-06-18
T006730,C017,R013,XoL,Property,LATAM,7490000.0,32585000.0,162690000.0,0.0,1,0.46,20148000.0,2025-06-09
T005905,C006,R013,XoL,Casualty,LATAM,2448000.0,5011000.0,14757000.0,0.0,1,0.7,8025000.0,2025-04-12
T065967,C019,R012,Quota,Specialty,APAC,1657000.0,0.0,0.0,0.23,0,0.76,4430000.0,2025-03-30
T014530,C005,R013,XoL,Specialty,EU,5837000.0,15862000.0,37932000.0,0.0,1,0.82,14600000.0,2025-06-06
T065586,C007,R023,XoL,Property,US,3855000.0,17699000.0,54552000.0,0.0,1,0.32,7607000.0,2025-04-22
T007336,C012,R004,Quota,Specialty,LATAM,2365000.0,0.0,0.0,0.14,1,0.4,3566000.0,2025-06-09
T088468,C002,R008,Quota,Specialty,LATAM,8272000.0,0.0,0.0,0.29,1,0.59,28883000.0,2025-03-13
T038224,C014,R024,Quota,Specialty,APAC,3980000.0,0.0,0.0,0.2,1,0.62,13004000.0,2025-01-28
T058175,C020,R016,Quota,Specialty,LATAM,9122000.0,0.0,0.0,0.25,1,0.78,27282000.0,2025-04-27
T089551,C019,R028,Quota,Property,APAC,2030000.0,0.0,0.0,0.11,1,0.85,6055000.0,2025-01-30
T004163,C001,R009,Quota,Property,EU,2433000.0,0.0,0.0,0.24,0,0.67,6495000.0,2025-01-03
T038540,C017,R013,Quota,Casualty,EU,1261000.0,0.0,0.0,0.21,1,0.66,2269000.0,2025-01-19
T069510,C002,R020,Quota,Casualty,LATAM,2515000.0,0.0,0.0,0.25,1,0.86,4086000.0,2025-03-30
T033889,C005,R004,Quota,Property,US,6477000.0,0.0,0.0,0.1,0,0.73,22093000.0,2025-06-12
T038622,C014,R018,XoL,Casualty,EU,3759000.0,7988000.0,22902000.0,0.0,1,0.9,6434000.0,2025-05-19
T096588,C003,R015,Quota,Casualty,APAC,2446000.0,0.0,0.0,0.34,1,1.04,6386000.0,2025-06-16
T010619,C014,R005,Quota,Casualty,EU,1775000.0,0.0,0.0,0.3,1,0.65,5393000.0,2025-03-14
T038358,C015,R021,Quota,Specialty,LATAM,1818000.0,0.0,0.0,0.4,1,0.66,5136000.0,2025-03-27
T042506,C001,R016,Quota,Specialty,APAC,5745000.0,0.0,0.0,0.37,1,0.45,17924000.0,2025-02-18
T032808,C012,R019,Quota,Property,US,2184000.0,0.0,0.0,0.23,1,0.48,4628000.0,2025-03-20
T056781,C012,R012,Quota,Specialty,LATAM,4358000.0,0.0,0.0,0.31,1,0.72,13341000.0,2025-01-14
T040369,C015,R001,XoL,Property,US,3850000.0,13110000.0,30016000.0,0.0,1,0.46,12529000.0,2025-04-16
T032387,C004,R028,XoL,Casualty,EU,3792000.0,10574000.0,33909000.0,0.0,1,0.91,7109000.0,2025-03-30
T017774,C011,R004,XoL,Specialty,EU,4994000.0,13470000.0,47763000.0,0.0,0,0.75,12129000.0,2025-03-28
T061122,C002,R011,XoL,Property,LATAM,1548000.0,6876000.0,27900000.0,0.0,1,0.62,4126000.0,2025-02-01
T017973,C005,R028,Quota,Casualty,APAC,6275000.0,0.0,0.0,0.29,1,0.46,20607000.0,2025-03-08
T064305,C002,R026,XoL,Specialty,EU,3362000.0,13544000.0,37863000.0,0.0,0,0.47,5452000.0,2025-01-27
T069596,C020,R015,Quota,Specialty,US,5256000.0,0.0,0.0,0.39,1,0.37,12336000.0,2025-02-20
T085583,C002,R002,Quota,Specialty,US,2106000.0,0.0,0.0,0.22,1,0.87,5976000.0,2025-03-29
T014985,C015,R026,Quota,Property,EU,2268000.0,0.0,0.0,0.34,1,0.67,7393000.0,2025-05-14
T034607,C004,R007,XoL,Specialty,US,2062000.0,5848000.0,20405000.0,0.0,1,0.8,7044000.0,2025-02-28
T009495,C003,R004,XoL,Specialty,US,1755000.0,6209000.0,24845000.0,0.0,1,0.64,5182000.0,2025-01-21
T032072,C005,R029,Quota,Property,LATAM,2833000.0,0.0,0.0,0.27,0,0.57,6926000.0,2025-03-26
T005170,C019,R001,Quota,Property,US,3228000.0,0.0,0.0,0.33,1,0.53,10362000.0,2025-02-08
T070610,C010,R028,XoL,Property,US,4501000.0,14628000.0,29305000.0,0.0,0,0.59,10696000.0,2025-01-26
T011318,C008,R012,Quota,Property,APAC,1694000.0,0.0,0.0,0.35,1,0.48,3064000.0,2025-06-15
T042991,C014,R002,Quota,Casualty,LATAM,2293000.0,0.0,0.0,0.34,1,1.01,5267000.0,2025-05-28
T079977,C008,R027,XoL,Specialty,EU,6241000.0,14201000.0,61668000.0,0.0,1,0.5,19506000.0,2025-02-03
T060107,C014,R015,Quota,Property,LATAM,7558000.0,0.0,0.0,0.13,1,0.92,13189000.0,2025-01-26
T067710,C015,R018,XoL,Specialty,APAC,3500000.0,7594000.0,35941000.0,0.0,1,0.99,7093000.0,2025-03-31
T043943,C008,R020,Quota,Property,APAC,7005000.0,0.0,0.0,0.31,1,0.45,10702000.0,2025-04-27
T044018,C020,R013,Quota,Property,APAC,7384000.0,0.0,0.0,0.13,0,0.41,15184000.0,2025-04-06
T062413,C005,R018,Quota,Casualty,EU,4369000.0,0.0,0.0,0.32,1,0.59,12166000.0,2025-04-10
T027785,C006,R003,XoL,Casualty,APAC,2768000.0,10404000.0,24443000.0,0.0,0,0.41,4568000.0,2025-04-27
T021660,C012,R014,XoL,Specialty,US,3818000.0,15812000.0,69239000.0,0.0,0,0.52,10880000.0,2025-04-16
T031376,C002,R021,Quota,Property,EU,3033000.0,0.0,0.0,0.12,1,0.45,8736000.0,2025-06-17
T082861,C003,R006,XoL,Specialty,EU,3492000.0,8023000.0,30768000.0,0.0,1,0.62,7738000.0,2025-06-25
T013344,C016,R010,Quota,Property,US,4061000.0,0.0,0.0,0.31,0,0.63,7606000.0,2025-05-17
T050615,C004,R006,Quota,Specialty,APAC,3744000.0,0.0,0.0,0.34,1,0.5,9156000.0,2025-02-15
T034824,C017,R012,Quota,Specialty,US,1614000.0,0.0,0.0,0.39,1,0.91,3698000.0,2025-04-29
T015838,C012,R004,XoL,Casualty,APAC,2294000.0,10437000.0,47527000.0,0.0,1,0.38,6308000.0,2025-01-09
T085349,C010,R002,Quota,Specialty,EU,3524000.0,0.0,0.0,0.36,1,0.46,8513000.0,2025-04-06
T056730,C017,R026,Quota,Casualty,US,6166000.0,0.0,0.0,0.29,0,0.73,10285000.0,2025-05-15
T059923,C006,R010,Quota,Specialty,EU,4507000.0,0.0,0.0,0.15,1,0.73,13762000.0,2025-03-24
T033804,C018,R014,Quota,Specialty,LATAM,6753000.0,0.0,0.0,0.28,0,0.58,23351000.0,2025-04-17
T019838,C009,R030,XoL,Property,APAC,5527000.0,12395000.0,31920000.0,0.0,1,0.76,15496000.0,2025-05-07
T021518,C020,R021,XoL,Specialty,LATAM,2087000.0,10245000.0,27433000.0,0.0,1,0.7,3785000.0,2025-02-17
T091196,C003,R030,Quota,Casualty,EU,1202000.0,0.0,0.0,0.14,0,0.41,3354000.0,2025-01-30
T028011,C005,R001,XoL,Property,US,2056000.0,10006000.0,44001000.0,0.0,1,0.39,5787000.0,2025-01-10
T030221,C009,R014,Quota,Casualty,EU,3714000.0,0.0,0.0,0.37,1,0.53,8627000.0,2025-01-27
T065202,C017,R026,Quota,Property,EU,2585000.0,0.0,0.0,0.11,1,0.61,5412000.0,2025-01-03
T022262,C020,R018,Quota,Casualty,EU,4827000.0,0.0,0.0,0.36,1,0.83,8190000.0,2025-03-28
T037116,C015,R002,Quota,Casualty,LATAM,1567000.0,0.0,0.0,0.12,1,1.03,4318000.0,2025-01-28
T044035,C013,R026,XoL,Casualty,EU,7712000.0,15713000.0,38986000.0,0.0,1,0.75,22886000.0,2025-03-26
T055594,C007,R001,Quota,Casualty,EU,4199000.0,0.0,0.0,0.36,0,0.52,7593000.0,2025-03-04
T034339,C001,R018,Quota,Property,LATAM,8205000.0,0.0,0.0,0.23,0,0.56,16342000.0,2025-01-24
T008951,C004,R023,Quota,Casualty,US,2984000.0,0.0,0.0,0.39,1,0.64,5533000.0,2025-01-06
T052507,C008,R015,Quota,Casualty,EU,8008000.0,0.0,0.0,0.15,0,0.68,17149000.0,2025-02-06
T084700,C007,R024,XoL,Casualty,APAC,6549000.0,22789000.0,51458000.0,0.0,1,0.55,11265000.0,2025-06-28
T028853,C007,R001,Quota,Property,APAC,7339000.0,0.0,0.0,0.19,0,0.67,14082000.0,2025-06-23
T048595,C013,R016,XoL,Property,US,2431000.0,7240000.0,23346000.0,0.0,1,0.39,3655000.0,2025-05-22
T073977,C004,R013,XoL,Casualty,EU,2333000.0,4706000.0,12013000.0,0.0,0,0.85,7652000.0,2025-02-21
T045567,C016,R002,Quota,Casualty,APAC,3336000.0,0.0,0.0,0.12,1,0.74,11190000.0,2025-03-08
T087038,C001,R026,XoL,Property,EU,2274000.0,4815000.0,16055000.0,0.0,1,0.5,6994000.0,2025-04-02
T011148,C013,R011,XoL,Casualty,APAC,3097000.0,14594000.0,57121000.0,0.0,0,0.61,9587000.0,2025-02-14
T086810,C018,R012,Quota,Casualty,US,6639000.0,0.0,0.0,0.25,0,0.42,18248000.0,2025-01-20
T072444,C004,R002,Quota,Casualty,US,1707000.0,0.0,0.0,0.38,1,0.86,5183000.0,2025-01-03
T027725,C002,R010,XoL,Specialty,EU,3653000.0,8715000.0,18273000.0,0.0,1,1.22,10158000.0,2025-06-24
T018093,C020,R014,Quota,Specialty,EU,6513000.0,0.0,0.0,0.27,1,0.7,19727000.0,2025-03-26
T085627,C013,R007,Quota,Property,EU,2534000.0,0.0,0.0,0.16,1,0.47,5522000.0,2025-01-15
T090867,C001,R015,Quota,Casualty,APAC,5790000.0,0.0,0.0,0.11,1,0.58,9491000.0,2025-01-26
T019357,C006,R022,XoL,Specialty,APAC,1745000.0,4385000.0,9925000.0,0.0,1,0.6,6023000.0,2025-03-31
T032833,C011,R005,XoL,Property,US,1751000.0,7408000.0,35865000.0,0.0,1,0.58,3354000.0,2025-05-08
T089333,C006,R024,Quota,Casualty,APAC,10266000.0,0.0,0.0,0.2,0,0.53,16195000.0,2025-03-31
T031334,C018,R011,XoL,Property,LATAM,3541000.0,15813000.0,72907000.0,0.0,1,0.49,11704000.0,2025-06-13
T068941,C015,R017,XoL,Casualty,LATAM,9678000.0,28260000.0,81988000.0,0.0,1,0.47,23944000.0,2025-01-29
T032613,C004,R007,Quota,Property,US,1600000.0,0.0,0.0,0.18,1,0.67,3329000.0,2025-01-19
T041077,C012,R021,Quota,Property,US,5282000.0,0.0,0.0,0.36,1,0.66,16594000.0,2025-02-05
T016784,C008,R014,Quota,Property,LATAM,3734000.0,0.0,0.0,0.14,1,0.66,10275000.0,2025-02-06
T041131,C002,R002,Quota,Specialty,APAC,1954000.0,0.0,0.0,0.35,1,0.52,3493000.0,2025-06-28
T078319,C020,R022,Quota,Property,LATAM,4843000.0,0.0,0.0,0.35,1,0.8,14920000.0,2025-03-15
T072170,C004,R008,Quota,Casualty,EU,2267000.0,0.0,0.0,0.3,1,0.87,5795000.0,2025-03-29
T004152,C011,R018,XoL,Specialty,US,1458000.0,3676000.0,17458000.0,0.0,1,0.46,4358000.0,2025-01-09
